VF GID,VF CID
VFG037176,VFC0235
VFG037177,VFC0235
VFG037203,VFC0235
VFG037218,VFC0272
VFG037232,VFC0272
VFG037246,VFC0272
VFG037260,VFC0272
VFG037274,VFC0272
VFG037288,VFC0272
VFG037302,VFC0272
VFG037316,VFC0272
VFG037330,VFC0272
VFG037344,VFC0272
VFG037358,VFC0272
VFG037372,VFC0272
VFG037386,VFC0272
VFG037400,VFC0272
VFG037414,VFC0272
VFG037428,VFC0272
VFG037442,VFC0272
VFG037456,VFC0272
VFG037470,VFC0272
VFG037482,VFC0272
VFG037490,VFC0272
VFG037497,VFC0272
VFG037505,VFC0272
VFG037513,VFC0272
VFG037521,VFC0272
VFG037529,VFC0272
VFG037537,VFC0272
VFG037547,VFC0272
VFG037560,VFC0271
VFG037586,VFC0271
VFG037599,VFC0271
VFG037612,VFC0271
VFG037625,VFC0271
VFG037638,VFC0271
VFG037664,VFC0271
VFG037678,VFC0271
VFG037692,VFC0271
VFG037705,VFC0271
VFG037720,VFC0271
VFG037735,VFC0271
VFG037747,VFC0258
VFG037762,VFC0258
VFG037777,VFC0258
VFG037792,VFC0258
VFG037807,VFC0258
VFG037822,VFC0258
VFG037837,VFC0258
VFG037852,VFC0258
VFG037867,VFC0258
VFG037882,VFC0258
VFG037897,VFC0258
VFG037912,VFC0258
VFG037927,VFC0258
VFG037942,VFC0258
VFG037957,VFC0258
VFG037972,VFC0258
VFG037987,VFC0258
VFG038002,VFC0258
VFG038017,VFC0258
VFG038047,VFC0258
VFG038062,VFC0258
VFG038091,VFC0258
VFG038105,VFC0258
VFG038119,VFC0258
VFG038132,VFC0258
VFG038144,VFC0258
VFG038155,VFC0258
VFG038176,VFC0258
VFG038191,VFC0271
VFG038205,VFC0271
VFG038249,VFC0258
VFG050303,VFC0001
VFG050313,VFC0001
VFG050328,VFC0001
VFG050342,VFC0001
VFG050357,VFC0001
VFG050372,VFC0001
VFG050386,VFC0001
VFG050400,VFC0001
VFG050414,VFC0001
VFG050428,VFC0001
VFG050443,VFC0001
VFG050457,VFC0001
VFG050470,VFC0001
VFG050484,VFC0001
VFG050499,VFC0001
VFG050514,VFC0001
VFG050527,VFC0001
VFG050540,VFC0001
VFG050554,VFC0001
VFG050567,VFC0001
VFG050581,VFC0001
VFG050595,VFC0001
VFG050610,VFC0001
VFG050625,VFC0001
VFG050640,VFC0001
VFG050655,VFC0001
VFG050670,VFC0001
VFG050685,VFC0001
VFG050699,VFC0001
VFG050712,VFC0086
VFG050727,VFC0086
VFG050742,VFC0086
VFG050757,VFC0086
VFG050772,VFC0086
VFG050787,VFC0086
VFG050802,VFC0086
VFG050817,VFC0086
VFG050832,VFC0086
VFG050860,VFC0086
VFG050874,VFC0086
VFG050889,VFC0086
VFG050901,VFC0251
VFG050910,VFC0086
VFG050911,VFC0086
VFG050912,VFC0086
VFG050946,VFC0086
VFG050959,VFC0086
VFG050972,VFC0086
VFG050986,VFC0086
VFG051000,VFC0086
VFG051014,VFC0086
VFG051028,VFC0086
VFG051042,VFC0086
VFG051056,VFC0086
VFG051070,VFC0086
VFG051084,VFC0086
VFG051098,VFC0086
VFG051109,VFC0086
VFG051110,VFC0086
VFG051111,VFC0086
VFG051112,VFC0086
VFG038261,VFC0086
VFG038265,VFC0086
VFG038269,VFC0086
VFG038273,VFC0086
VFG038277,VFC0086
VFG038281,VFC0086
VFG038285,VFC0086
VFG038289,VFC0086
VFG038293,VFC0086
VFG038297,VFC0086
VFG038301,VFC0086
VFG038305,VFC0086
VFG038309,VFC0086
VFG038313,VFC0086
VFG038317,VFC0001
VFG038320,VFC0086
VFG038321,VFC0086
VFG038322,VFC0086
VFG038323,VFC0086
VFG038324,VFC0086
VFG038325,VFC0086
VFG038326,VFC0086
VFG038327,VFC0086
VFG038328,VFC0086
VFG038329,VFC0086
VFG038330,VFC0086
VFG038331,VFC0086
VFG038332,VFC0086
VFG038333,VFC0086
VFG038334,VFC0086
VFG038335,VFC0086
VFG038336,VFC0086
VFG038337,VFC0086
VFG038338,VFC0086
VFG038339,VFC0086
VFG038340,VFC0086
VFG038341,VFC0086
VFG038342,VFC0086
VFG038343,VFC0086
VFG038344,VFC0086
VFG038345,VFC0086
VFG038346,VFC0086
VFG038347,VFC0086
VFG038348,VFC0086
VFG038349,VFC0086
VFG038350,VFC0086
VFG038351,VFC0086
VFG038352,VFC0086
VFG038353,VFC0086
VFG038354,VFC0086
VFG038355,VFC0086
VFG038357,VFC0086
VFG038358,VFC0086
VFG038359,VFC0086
VFG038360,VFC0086
VFG038361,VFC0086
VFG038362,VFC0086
VFG038363,VFC0086
VFG038364,VFC0086
VFG038365,VFC0086
VFG038367,VFC0086
VFG038369,VFC0086
VFG038371,VFC0086
VFG038373,VFC0086
VFG038374,VFC0086
VFG038375,VFC0086
VFG038376,VFC0086
VFG038378,VFC0086
VFG038380,VFC0086
VFG038381,VFC0086
VFG038383,VFC0086
VFG038385,VFC0086
VFG038387,VFC0086
VFG038389,VFC0086
VFG038391,VFC0086
VFG038393,VFC0086
VFG038395,VFC0086
VFG038397,VFC0086
VFG038399,VFC0086
VFG038401,VFC0086
VFG038402,VFC0086
VFG038403,VFC0086
VFG038405,VFC0086
VFG038407,VFC0086
VFG038409,VFC0001
VFG038413,VFC0001
VFG038417,VFC0001
VFG038421,VFC0001
VFG038425,VFC0001
VFG038429,VFC0001
VFG038432,VFC0001
VFG038436,VFC0001
VFG038444,VFC0001
VFG038448,VFC0001
VFG038452,VFC0001
VFG038456,VFC0001
VFG038460,VFC0001
VFG038464,VFC0001
VFG038468,VFC0001
VFG038472,VFC0001
VFG038476,VFC0001
VFG038480,VFC0001
VFG038488,VFC0001
VFG038493,VFC0001
VFG038497,VFC0001
VFG038501,VFC0001
VFG038505,VFC0001
VFG038509,VFC0001
VFG038513,VFC0001
VFG038517,VFC0001
VFG038521,VFC0001
VFG038525,VFC0001
VFG038529,VFC0001
VFG038533,VFC0001
VFG038537,VFC0001
VFG038541,VFC0001
VFG038545,VFC0001
VFG038549,VFC0001
VFG038553,VFC0001
VFG038557,VFC0001
VFG038561,VFC0001
VFG038564,VFC0001
VFG038568,VFC0001
VFG038572,VFC0001
VFG038576,VFC0001
VFG038578,VFC0001
VFG038581,VFC0001
VFG038584,VFC0001
VFG038587,VFC0001
VFG038590,VFC0001
VFG038593,VFC0001
VFG038596,VFC0001
VFG038600,VFC0001
VFG038603,VFC0001
VFG038607,VFC0001
VFG038611,VFC0001
VFG038615,VFC0001
VFG038619,VFC0204
VFG038623,VFC0204
VFG038627,VFC0204
VFG038631,VFC0204
VFG038635,VFC0204
VFG038639,VFC0204
VFG038643,VFC0204
VFG038647,VFC0204
VFG038651,VFC0204
VFG038655,VFC0204
VFG038659,VFC0204
VFG038663,VFC0204
VFG038667,VFC0204
VFG038671,VFC0204
VFG038675,VFC0204
VFG038679,VFC0204
VFG038683,VFC0204
VFG038687,VFC0204
VFG038691,VFC0204
VFG038695,VFC0204
VFG038699,VFC0204
VFG038703,VFC0204
VFG038707,VFC0204
VFG038711,VFC0204
VFG038715,VFC0204
VFG038719,VFC0204
VFG038723,VFC0204
VFG038727,VFC0204
VFG038731,VFC0204
VFG038740,VFC0204
VFG038743,VFC0204
VFG038747,VFC0204
VFG038753,VFC0204
VFG038756,VFC0204
VFG038760,VFC0204
VFG038764,VFC0204
VFG038768,VFC0204
VFG038772,VFC0204
VFG038776,VFC0204
VFG038780,VFC0204
VFG038784,VFC0204
VFG038788,VFC0204
VFG038792,VFC0204
VFG038796,VFC0204
VFG038800,VFC0204
VFG038804,VFC0204
VFG038808,VFC0204
VFG038812,VFC0204
VFG038816,VFC0204
VFG038820,VFC0204
VFG038824,VFC0204
VFG038828,VFC0204
VFG038832,VFC0204
VFG038836,VFC0204
VFG038840,VFC0204
VFG038845,VFC0204
VFG038848,VFC0204
VFG038851,VFC0204
VFG038855,VFC0204
VFG038856,VFC0204
VFG038857,VFC0204
VFG038858,VFC0204
VFG038859,VFC0204
VFG038860,VFC0204
VFG038861,VFC0204
VFG038862,VFC0204
VFG038863,VFC0204
VFG038864,VFC0204
VFG038865,VFC0204
VFG038866,VFC0204
VFG038867,VFC0204
VFG038868,VFC0204
VFG038869,VFC0204
VFG038870,VFC0204
VFG038871,VFC0204
VFG038872,VFC0204
VFG038873,VFC0204
VFG038874,VFC0204
VFG038875,VFC0204
VFG038876,VFC0204
VFG038877,VFC0204
VFG038878,VFC0204
VFG038879,VFC0204
VFG038880,VFC0204
VFG038881,VFC0204
VFG038882,VFC0204
VFG038883,VFC0204
VFG038884,VFC0204
VFG038885,VFC0204
VFG038886,VFC0204
VFG038887,VFC0204
VFG038888,VFC0204
VFG038889,VFC0204
VFG038890,VFC0204
VFG038892,VFC0235
VFG038912,VFC0235
VFG038914,VFC0235
VFG038915,VFC0235
VFG038916,VFC0235
VFG038917,VFC0235
VFG038918,VFC0235
VFG038922,VFC0086
VFG038929,VFC0086
VFG038936,VFC0086
VFG038943,VFC0086
VFG038950,VFC0086
VFG038957,VFC0086
VFG038964,VFC0086
VFG038972,VFC0086
VFG038979,VFC0086
VFG038986,VFC0086
VFG038993,VFC0086
VFG038997,VFC0086
VFG039001,VFC0086
VFG039005,VFC0086
VFG039009,VFC0086
VFG039014,VFC0086
VFG039018,VFC0086
VFG039025,VFC0086
VFG039032,VFC0086
VFG039039,VFC0086
VFG039046,VFC0086
VFG039053,VFC0086
VFG039059,VFC0086
VFG039063,VFC0086
VFG039070,VFC0086
VFG039077,VFC0083
VFG039084,VFC0083
VFG039088,VFC0083
VFG045355,VFC0258
VFG045357,VFC0258
VFG045360,VFC0258
VFG045361,VFC0258
VFG045362,VFC0258
VFG045365,VFC0258
VFG045368,VFC0258
VFG045369,VFC0258
VFG045370,VFC0258
VFG045372,VFC0258
VFG045373,VFC0258
VFG045374,VFC0258
VFG045375,VFC0258
VFG045376,VFC0258
VFG045377,VFC0258
VFG045378,VFC0258
VFG045379,VFC0258
VFG045381,VFC0258
VFG045383,VFC0258
VFG045384,VFC0258
VFG045385,VFC0258
VFG045386,VFC0258
VFG045387,VFC0258
VFG045388,VFC0258
VFG045390,VFC0258
VFG045391,VFC0258
VFG045393,VFC0258
VFG045395,VFC0258
VFG045396,VFC0258
VFG045400,VFC0258
VFG045402,VFC0258
VFG045403,VFC0258
VFG045407,VFC0258
VFG045408,VFC0258
VFG045409,VFC0258
VFG045411,VFC0258
VFG045413,VFC0258
VFG045414,VFC0258
VFG045418,VFC0258
VFG045424,VFC0258
VFG045425,VFC0258
VFG045426,VFC0258
VFG045428,VFC0258
VFG045431,VFC0258
VFG045432,VFC0258
VFG045437,VFC0258
VFG045438,VFC0258
VFG045439,VFC0258
VFG045440,VFC0258
VFG045441,VFC0258
VFG045452,VFC0258
VFG045453,VFC0258
VFG045454,VFC0258
VFG045462,VFC0258
VFG045463,VFC0258
VFG045469,VFC0258
VFG000676,VFC0235
VFG000677,VFC0235
VFG000678,VFC0235
VFG000679,VFC0258
VFG000680,VFC0258
VFG000681,VFC0258
VFG000682,VFC0258
VFG002040,VFC0301
VFG016216,VFC0235
VFG016223,VFC0235
VFG016254,VFC0235
VFG016260,VFC0235
VFG016263,VFC0235
VFG016270,VFC0235
VFG016278,VFC0235
VFG016286,VFC0235
VFG016338,VFC0251
VFG016346,VFC0251
VFG016356,VFC0272
VFG016362,VFC0272
VFG040864,VFC0086
VFG040865,VFC0086
VFG040867,VFC0086
VFG040868,VFC0086
VFG049919,VFC0001
VFG049956,VFC0272
VFG049962,VFC0272
VFG049968,VFC0272
VFG049974,VFC0272
VFG049980,VFC0272
VFG049986,VFC0272
VFG049994,VFC0272
VFG050005,VFC0272
VFG050016,VFC0272
VFG050027,VFC0272
VFG050038,VFC0272
VFG050111,VFC0235
VFG050112,VFC0235
VFG050113,VFC0235
VFG050114,VFC0235
VFG050115,VFC0235
VFG050116,VFC0235
VFG050117,VFC0235
VFG050118,VFC0235
VFG002231,VFC0086
VFG002232,VFC0086
VFG002233,VFC0086
VFG002234,VFC0086
VFG002235,VFC0086
VFG002236,VFC0086
VFG002237,VFC0086
VFG002238,VFC0086
VFG002239,VFC0086
VFG002240,VFC0086
VFG002241,VFC0086
VFG002242,VFC0086
VFG002243,VFC0086
VFG002244,VFC0086
VFG002245,VFC0086
VFG002246,VFC0086
VFG002247,VFC0086
VFG002248,VFC0086
VFG002249,VFC0086
VFG002250,VFC0086
VFG002251,VFC0086
VFG002252,VFC0086
VFG002253,VFC0086
VFG002254,VFC0086
VFG002255,VFC0086
VFG002256,VFC0086
VFG002257,VFC0086
VFG002258,VFC0086
VFG002259,VFC0086
VFG002260,VFC0086
VFG002261,VFC0086
VFG002262,VFC0086
VFG002263,VFC0086
VFG002264,VFC0086
VFG002265,VFC0086
VFG002266,VFC0086
VFG002267,VFC0086
VFG002268,VFC0086
VFG002269,VFC0086
VFG002270,VFC0001
VFG016757,VFC0204
VFG016758,VFC0204
VFG016759,VFC0204
VFG016760,VFC0204
VFG016761,VFC0204
VFG016762,VFC0204
VFG016763,VFC0204
VFG016764,VFC0204
VFG016765,VFC0204
VFG016766,VFC0204
VFG016767,VFC0204
VFG016768,VFC0204
VFG016769,VFC0204
VFG016770,VFC0204
VFG016771,VFC0204
VFG016772,VFC0204
VFG016773,VFC0204
VFG016774,VFC0204
VFG016775,VFC0204
VFG016776,VFC0204
VFG016777,VFC0204
VFG016778,VFC0204
VFG016779,VFC0204
VFG016780,VFC0204
VFG016781,VFC0204
VFG016782,VFC0204
VFG016783,VFC0204
VFG016784,VFC0204
VFG016802,VFC0086
VFG018683,VFC0086
VFG041370,VFC0086
VFG052292,VFC0258
VFG052296,VFC0258
VFG052300,VFC0258
VFG052304,VFC0258
VFG052308,VFC0258
VFG052312,VFC0258
VFG052316,VFC0258
VFG052320,VFC0258
VFG052324,VFC0258
VFG052328,VFC0258
VFG052332,VFC0258
VFG052336,VFC0258
VFG000001,VFC0001
VFG000002,VFC0001
VFG000003,VFC0001
VFG000004,VFC0001
VFG000005,VFC0001
VFG000007,VFC0001
VFG000008,VFC0001
VFG000009,VFC0001
VFG000010,VFC0001
VFG000011,VFC0235
VFG000012,VFC0235
VFG000013,VFC0235
VFG000014,VFC0235
VFG000015,VFC0235
VFG000025,VFC0235
VFG000026,VFC0235
VFG000027,VFC0258
VFG000028,VFC0258
VFG000029,VFC0258
VFG000030,VFC0258
VFG000031,VFC0258
VFG000032,VFC0258
VFG000033,VFC0258
VFG000034,VFC0258
VFG000035,VFC0258
VFG000036,VFC0258
VFG000037,VFC0258
VFG000038,VFC0258
VFG000039,VFC0086
VFG000040,VFC0086
VFG000041,VFC0086
VFG000042,VFC0086
VFG000043,VFC0086
VFG000044,VFC0086
VFG000045,VFC0086
VFG000046,VFC0086
VFG000047,VFC0086
VFG000048,VFC0086
VFG000049,VFC0086
VFG000050,VFC0086
VFG000051,VFC0086
VFG000052,VFC0086
VFG000053,VFC0086
VFG000054,VFC0086
VFG000055,VFC0086
VFG000056,VFC0086
VFG000057,VFC0086
VFG000058,VFC0086
VFG000059,VFC0086
VFG000060,VFC0086
VFG000061,VFC0086
VFG000062,VFC0086
VFG000063,VFC0086
VFG000064,VFC0086
VFG000065,VFC0086
VFG000066,VFC0086
VFG000067,VFC0086
VFG000158,VFC0235
VFG001269,VFC0235
VFG001270,VFC0235
VFG001271,VFC0235
VFG001272,VFC0001
VFG002044,VFC0301
VFG002045,VFC0301
VFG011072,VFC0086
VFG011087,VFC0086
VFG042069,VFC0086
VFG042070,VFC0086
VFG042071,VFC0086
VFG042072,VFC0086
VFG042075,VFC0086
VFG046121,VFC0001
VFG002208,VFC0086
VFG002209,VFC0086
VFG002210,VFC0086
VFG002211,VFC0086
VFG002212,VFC0086
VFG002213,VFC0086
VFG002214,VFC0086
VFG002215,VFC0086
VFG002216,VFC0086
VFG002217,VFC0086
VFG002218,VFC0086
VFG002219,VFC0258
VFG002220,VFC0258
VFG002221,VFC0258
VFG002222,VFC0258
VFG002223,VFC0258
VFG002224,VFC0258
VFG002225,VFC0258
VFG002226,VFC0258
VFG002227,VFC0258
VFG002228,VFC0258
VFG002229,VFC0258
VFG002230,VFC0258
VFG011389,VFC0258
VFG011394,VFC0258
VFG011399,VFC0258
VFG011404,VFC0258
VFG011409,VFC0258
VFG011414,VFC0258
VFG011419,VFC0258
VFG011424,VFC0258
VFG011429,VFC0258
VFG011430,VFC0258
VFG011439,VFC0258
VFG011444,VFC0258
VFG011453,VFC0258
VFG011505,VFC0258
VFG011510,VFC0258
VFG011515,VFC0258
VFG011519,VFC0258
VFG011524,VFC0258
VFG011528,VFC0258
VFG011533,VFC0258
VFG011535,VFC0258
VFG011626,VFC0301
VFG011631,VFC0301
VFG041369,VFC0086
VFG041431,VFC0086
VFG041432,VFC0086
VFG045340,VFC0086
VFG045465,VFC0258
VFG045466,VFC0258
VFG051113,VFC0001
VFG051120,VFC0001
VFG051123,VFC0001
VFG051125,VFC0001
VFG051131,VFC0001
VFG051134,VFC0001
VFG051142,VFC0001
VFG051149,VFC0086
VFG051158,VFC0086
VFG051167,VFC0086
VFG051176,VFC0086
VFG051185,VFC0086
VFG051202,VFC0086
VFG051235,VFC0086
VFG051244,VFC0086
VFG051253,VFC0086
VFG051262,VFC0086
VFG051271,VFC0086
VFG002424,VFC0204
VFG002425,VFC0001
VFG002426,VFC0001
VFG002427,VFC0001
VFG002428,VFC0001
VFG002429,VFC0001
VFG002430,VFC0001
VFG002431,VFC0001
VFG002432,VFC0001
VFG002433,VFC0001
VFG002434,VFC0001
VFG002435,VFC0001
VFG002436,VFC0001
VFG002437,VFC0001
VFG002438,VFC0086
VFG002439,VFC0086
VFG002440,VFC0086
VFG002441,VFC0086
VFG002442,VFC0086
VFG002443,VFC0086
VFG002444,VFC0086
VFG002445,VFC0086
VFG002446,VFC0086
VFG002447,VFC0086
VFG002448,VFC0086
VFG002449,VFC0086
VFG002450,VFC0086
VFG002451,VFC0086
VFG002452,VFC0086
VFG002453,VFC0086
VFG002454,VFC0086
VFG002455,VFC0086
VFG002456,VFC0086
VFG002457,VFC0086
VFG002458,VFC0086
VFG002459,VFC0086
VFG002460,VFC0086
VFG002461,VFC0086
VFG002462,VFC0086
VFG002463,VFC0086
VFG002464,VFC0086
VFG002465,VFC0086
VFG002466,VFC0086
VFG002467,VFC0086
VFG002468,VFC0086
VFG002469,VFC0086
VFG002470,VFC0086
VFG002471,VFC0086
VFG002472,VFC0086
VFG002473,VFC0086
VFG002474,VFC0086
VFG002475,VFC0086
VFG002476,VFC0086
VFG002477,VFC0086
VFG002478,VFC0086
VFG002479,VFC0086
VFG002480,VFC0086
VFG002481,VFC0086
VFG002482,VFC0086
VFG002483,VFC0086
VFG002484,VFC0086
VFG002485,VFC0086
VFG002486,VFC0086
VFG002487,VFC0086
VFG002488,VFC0086
VFG002489,VFC0086
VFG002490,VFC0204
VFG002491,VFC0204
VFG002492,VFC0204
VFG002493,VFC0204
VFG002494,VFC0204
VFG002495,VFC0204
VFG002496,VFC0204
VFG002497,VFC0204
VFG002498,VFC0204
VFG002499,VFC0204
VFG002500,VFC0204
VFG002501,VFC0204
VFG002502,VFC0204
VFG002503,VFC0204
VFG002504,VFC0204
VFG002505,VFC0204
VFG002506,VFC0204
VFG002507,VFC0204
VFG002508,VFC0204
VFG002509,VFC0204
VFG002510,VFC0204
VFG002511,VFC0204
VFG002512,VFC0204
VFG002513,VFC0204
VFG002514,VFC0204
VFG002515,VFC0204
VFG002516,VFC0204
VFG002517,VFC0204
VFG002518,VFC0204
VFG002519,VFC0204
VFG002520,VFC0204
VFG002521,VFC0204
VFG002522,VFC0204
VFG002523,VFC0204
VFG002524,VFC0204
VFG002525,VFC0204
VFG002526,VFC0204
VFG002527,VFC0204
VFG002528,VFC0204
VFG002529,VFC0204
VFG002530,VFC0204
VFG002531,VFC0204
VFG002532,VFC0204
VFG002533,VFC0204
VFG002534,VFC0204
VFG002535,VFC0204
VFG002536,VFC0204
VFG002537,VFC0271
VFG002538,VFC0271
VFG002539,VFC0271
VFG002540,VFC0271
VFG002541,VFC0271
VFG002542,VFC0271
VFG002543,VFC0271
VFG002544,VFC0271
VFG002545,VFC0258
VFG002546,VFC0258
VFG002547,VFC0258
VFG002548,VFC0258
VFG002549,VFC0258
VFG002550,VFC0258
VFG002551,VFC0258
VFG002552,VFC0258
VFG002553,VFC0258
VFG002554,VFC0258
VFG002555,VFC0258
VFG002556,VFC0258
VFG002557,VFC0258
VFG002558,VFC0258
VFG002559,VFC0258
VFG002560,VFC0258
VFG002561,VFC0258
VFG002562,VFC0258
VFG002563,VFC0258
VFG002564,VFC0258
VFG002565,VFC0258
VFG002566,VFC0258
VFG002567,VFC0258
VFG002568,VFC0258
VFG002569,VFC0258
VFG041118,VFC0086
VFG041119,VFC0086
VFG041120,VFC0086
VFG041780,VFC0086
VFG042964,VFC0001
VFG042965,VFC0001
VFG042966,VFC0001
VFG045467,VFC0301
VFG001890,VFC0204
VFG001891,VFC0204
VFG001892,VFC0204
VFG001893,VFC0204
VFG001894,VFC0204
VFG001895,VFC0204
VFG001896,VFC0204
VFG001897,VFC0204
VFG001898,VFC0204
VFG001899,VFC0204
VFG001900,VFC0204
VFG001901,VFC0204
VFG001902,VFC0204
VFG001903,VFC0204
VFG001904,VFC0204
VFG001905,VFC0204
VFG001906,VFC0204
VFG001907,VFC0204
VFG001908,VFC0204
VFG001909,VFC0204
VFG001910,VFC0204
VFG001911,VFC0204
VFG001912,VFC0204
VFG001913,VFC0204
VFG001914,VFC0204
VFG001915,VFC0204
VFG001916,VFC0204
VFG001917,VFC0204
VFG001918,VFC0204
VFG001919,VFC0204
VFG001920,VFC0204
VFG001921,VFC0204
VFG001922,VFC0204
VFG001923,VFC0204
VFG001924,VFC0204
VFG001925,VFC0204
VFG001926,VFC0204
VFG001927,VFC0204
VFG001928,VFC0204
VFG001929,VFC0204
VFG001930,VFC0204
VFG001931,VFC0001
VFG001932,VFC0235
VFG001933,VFC0235
VFG001934,VFC0235
VFG001935,VFC0083
VFG001936,VFC0258
VFG001937,VFC0258
VFG001938,VFC0258
VFG001939,VFC0258
VFG001940,VFC0258
VFG001941,VFC0258
VFG001942,VFC0258
VFG001943,VFC0258
VFG001944,VFC0258
VFG001945,VFC0258
VFG001947,VFC0258
VFG001948,VFC0258
VFG001949,VFC0258
VFG001950,VFC0258
VFG001951,VFC0258
VFG001952,VFC0258
VFG001953,VFC0258
VFG001954,VFC0258
VFG001955,VFC0258
VFG001956,VFC0258
VFG001957,VFC0258
VFG001958,VFC0258
VFG001959,VFC0258
VFG001960,VFC0258
VFG001961,VFC0258
VFG001962,VFC0258
VFG001963,VFC0258
VFG001964,VFC0258
VFG001965,VFC0258
VFG001966,VFC0258
VFG001967,VFC0258
VFG001968,VFC0258
VFG001969,VFC0258
VFG001970,VFC0258
VFG001971,VFC0258
VFG001972,VFC0258
VFG001973,VFC0258
VFG001974,VFC0258
VFG001975,VFC0258
VFG001976,VFC0086
VFG001977,VFC0086
VFG001978,VFC0086
VFG001980,VFC0086
VFG001983,VFC0001
VFG001984,VFC0001
VFG001985,VFC0001
VFG001986,VFC0258
VFG001987,VFC0258
VFG001988,VFC0258
VFG001989,VFC0258
VFG002024,VFC0258
VFG002025,VFC0258
VFG002026,VFC0258
VFG002027,VFC0258
VFG002028,VFC0258
VFG011668,VFC0258
VFG011671,VFC0258
VFG011674,VFC0258
VFG011677,VFC0258
VFG011757,VFC0086
VFG011823,VFC0258
VFG011826,VFC0204
VFG011850,VFC0204
VFG011938,VFC0204
VFG011946,VFC0204
VFG012002,VFC0204
VFG012006,VFC0204
VFG012009,VFC0204
VFG012019,VFC0204
VFG012022,VFC0204
VFG012033,VFC0204
VFG012036,VFC0204
VFG043392,VFC0204
VFG043393,VFC0204
VFG043394,VFC0204
VFG043395,VFC0204
VFG043396,VFC0204
VFG043397,VFC0204
VFG043398,VFC0204
VFG043399,VFC0204
VFG043400,VFC0204
VFG043401,VFC0204
VFG043402,VFC0204
VFG043403,VFC0204
VFG043404,VFC0204
VFG043405,VFC0204
VFG043472,VFC0001
VFG045341,VFC0083
VFG002124,VFC0086
VFG002125,VFC0086
VFG002126,VFC0086
VFG002127,VFC0086
VFG002128,VFC0086
VFG002129,VFC0086
VFG002130,VFC0086
VFG002131,VFC0086
VFG002132,VFC0086
VFG002133,VFC0086
VFG002134,VFC0086
VFG002135,VFC0086
VFG002136,VFC0086
VFG002137,VFC0086
VFG002138,VFC0086
VFG002139,VFC0086
VFG002140,VFC0086
VFG002141,VFC0086
VFG002142,VFC0086
VFG002143,VFC0086
VFG002144,VFC0086
VFG002145,VFC0086
VFG002146,VFC0086
VFG002147,VFC0086
VFG002148,VFC0086
VFG002149,VFC0086
VFG002150,VFC0086
VFG002151,VFC0086
VFG002152,VFC0086
VFG002153,VFC0086
VFG002154,VFC0086
VFG016998,VFC0086
VFG017038,VFC0086
VFG017049,VFC0086
VFG017059,VFC0086
VFG042183,VFC0086
VFG042184,VFC0086
VFG042185,VFC0086
VFG042186,VFC0086
VFG042187,VFC0086
VFG042196,VFC0086
VFG042197,VFC0086
VFG042200,VFC0086
VFG042201,VFC0086
VFG042202,VFC0086
VFG042203,VFC0086
VFG043572,VFC0001
VFG043574,VFC0001
VFG044455,VFC0086
VFG044456,VFC0086
VFG044457,VFC0086
VFG044458,VFC0086
VFG044459,VFC0086
VFG049554,VFC0086
VFG049610,VFC0086
VFG049619,VFC0086
VFG049624,VFC0086
VFG049637,VFC0086
VFG049649,VFC0086
VFG049661,VFC0086
VFG049666,VFC0086
VFG049684,VFC0251
VFG050220,VFC0086
VFG050221,VFC0086
VFG050222,VFC0086
VFG050223,VFC0086
VFG050224,VFC0086
VFG050225,VFC0086
VFG050226,VFC0086
VFG050227,VFC0086
VFG050228,VFC0086
VFG050229,VFC0086
VFG050230,VFC0086
VFG050231,VFC0086
VFG050232,VFC0086
VFG050233,VFC0086
VFG050234,VFC0086
VFG050235,VFC0086
VFG050236,VFC0086
VFG050237,VFC0086
VFG050238,VFC0086
VFG050239,VFC0086
VFG050240,VFC0086
VFG050241,VFC0086
VFG050242,VFC0086
VFG050243,VFC0086
VFG050244,VFC0086
VFG050245,VFC0086
VFG050246,VFC0086
VFG050247,VFC0086
VFG050248,VFC0086
VFG050249,VFC0086
VFG050250,VFC0086
VFG050251,VFC0086
VFG050252,VFC0086
VFG050253,VFC0086
VFG050254,VFC0086
VFG050255,VFC0086
VFG050256,VFC0086
VFG050257,VFC0086
VFG050258,VFC0086
VFG050259,VFC0086
VFG050260,VFC0086
VFG050261,VFC0086
VFG050262,VFC0086
VFG050263,VFC0086
VFG050264,VFC0086
VFG050265,VFC0086
VFG050266,VFC0086
VFG050267,VFC0086
VFG050268,VFC0086
VFG050269,VFC0086
VFG050270,VFC0086
VFG050271,VFC0086
VFG050272,VFC0086
VFG051291,VFC0001
VFG051303,VFC0001
VFG051314,VFC0001
VFG051319,VFC0001
VFG051330,VFC0001
VFG051360,VFC0001
VFG051368,VFC0001
VFG051435,VFC0001
VFG051447,VFC0001
VFG051474,VFC0083
VFG002274,VFC0235
VFG002275,VFC0235
VFG002276,VFC0251
VFG002277,VFC0251
VFG002278,VFC0251
VFG002279,VFC0251
VFG002280,VFC0251
VFG002281,VFC0251
VFG002282,VFC0251
VFG002285,VFC0251
VFG002286,VFC0235
VFG002287,VFC0235
VFG002288,VFC0235
VFG002289,VFC0235
VFG002290,VFC0235
VFG002291,VFC0235
VFG002292,VFC0235
VFG002293,VFC0235
VFG002296,VFC0235
VFG002300,VFC0235
VFG012088,VFC0001
VFG012089,VFC0001
VFG012095,VFC0001
VFG012104,VFC0001
VFG012114,VFC0235
VFG012122,VFC0235
VFG012160,VFC0251
VFG012162,VFC0251
VFG012191,VFC0235
VFG019178,VFC0235
VFG019180,VFC0235
VFG043656,VFC0235
VFG043666,VFC0235
VFG043773,VFC0235
VFG043774,VFC0235
VFG043775,VFC0235
VFG043778,VFC0235
VFG044015,VFC0235
VFG044024,VFC0235
VFG044025,VFC0235
VFG050212,VFC0001
VFG050213,VFC0001
VFG050214,VFC0001
VFG050215,VFC0251
VFG050216,VFC0001
VFG050217,VFC0001
VFG050218,VFC0251
VFG051287,VFC0235
VFG002198,VFC0235
VFG002199,VFC0001
VFG002200,VFC0001
VFG002201,VFC0001
VFG013668,VFC0001
VFG050289,VFC0001
VFG050290,VFC0001
VFG050291,VFC0001
VFG050292,VFC0001
VFG050293,VFC0315
VFG052267,VFC0001
VFG052274,VFC0001
VFG052280,VFC0001
VFG039101,VFC0086
VFG039106,VFC0086
VFG039111,VFC0086
VFG039116,VFC0086
VFG039121,VFC0086
VFG039126,VFC0086
VFG039131,VFC0086
VFG039136,VFC0086
VFG039141,VFC0086
VFG039146,VFC0086
VFG039151,VFC0086
VFG039156,VFC0086
VFG039161,VFC0086
VFG039166,VFC0086
VFG039171,VFC0086
VFG039176,VFC0086
VFG039181,VFC0086
VFG039186,VFC0086
VFG039191,VFC0086
VFG039196,VFC0086
VFG039201,VFC0086
VFG039206,VFC0086
VFG039211,VFC0086
VFG039216,VFC0086
VFG039226,VFC0086
VFG039231,VFC0086
VFG039236,VFC0086
VFG039240,VFC0086
VFG039245,VFC0086
VFG039255,VFC0086
VFG039269,VFC0086
VFG039274,VFC0086
VFG039282,VFC0086
VFG039287,VFC0086
VFG039302,VFC0086
VFG039311,VFC0086
VFG039316,VFC0086
VFG039326,VFC0086
VFG039331,VFC0086
VFG039336,VFC0086
VFG039341,VFC0086
VFG039345,VFC0086
VFG039351,VFC0086
VFG039356,VFC0086
VFG039361,VFC0086
VFG039366,VFC0086
VFG039371,VFC0086
VFG039376,VFC0086
VFG039381,VFC0086
VFG039386,VFC0086
VFG039395,VFC0086
VFG039400,VFC0086
VFG039405,VFC0086
VFG039410,VFC0086
VFG039425,VFC0086
VFG039430,VFC0086
VFG039446,VFC0086
VFG039449,VFC0086
VFG039454,VFC0086
VFG039459,VFC0086
VFG039464,VFC0086
VFG039474,VFC0086
VFG039481,VFC0086
VFG039486,VFC0086
VFG039491,VFC0086
VFG039496,VFC0086
VFG039501,VFC0086
VFG039526,VFC0086
VFG039531,VFC0086
VFG039536,VFC0086
VFG039541,VFC0086
VFG039545,VFC0086
VFG039549,VFC0086
VFG039558,VFC0086
VFG039563,VFC0086
VFG039568,VFC0086
VFG039572,VFC0086
VFG039575,VFC0086
VFG039580,VFC0086
VFG039585,VFC0086
VFG039590,VFC0086
VFG039595,VFC0086
VFG039600,VFC0086
VFG039605,VFC0086
VFG039615,VFC0086
VFG039623,VFC0086
VFG039626,VFC0086
VFG039631,VFC0086
VFG039636,VFC0086
VFG039641,VFC0086
VFG039646,VFC0086
VFG039656,VFC0086
VFG039661,VFC0086
VFG039666,VFC0086
VFG039671,VFC0086
VFG039676,VFC0086
VFG039681,VFC0086
VFG039691,VFC0086
VFG039696,VFC0086
VFG039700,VFC0086
VFG039704,VFC0086
VFG039706,VFC0086
VFG039708,VFC0086
VFG039710,VFC0086
VFG039714,VFC0086
VFG039716,VFC0086
VFG039719,VFC0086
VFG041423,VFC0086
VFG041424,VFC0086
VFG041425,VFC0086
VFG041426,VFC0086
VFG041427,VFC0086
VFG041429,VFC0086
VFG041433,VFC0086
VFG046157,VFC0086
VFG046162,VFC0086
VFG046166,VFC0086
VFG046177,VFC0086
VFG046182,VFC0086
VFG046187,VFC0086
VFG046194,VFC0086
VFG046196,VFC0086
VFG046201,VFC0086
VFG046206,VFC0086
VFG046211,VFC0086
VFG046214,VFC0086
VFG002164,VFC0001
VFG002165,VFC0001
VFG002166,VFC0001
VFG002171,VFC0001
VFG002172,VFC0001
VFG002173,VFC0001
VFG002174,VFC0251
VFG002175,VFC0235
VFG002176,VFC0235
VFG002177,VFC0235
VFG002178,VFC0235
VFG002179,VFC0001
VFG002180,VFC0258
VFG002181,VFC0258
VFG002182,VFC0258
VFG002183,VFC0258
VFG002184,VFC0258
VFG002185,VFC0258
VFG002186,VFC0258
VFG002187,VFC0258
VFG002188,VFC0258
VFG002189,VFC0258
VFG002190,VFC0258
VFG002191,VFC0251
VFG002192,VFC0271
VFG002193,VFC0271
VFG002194,VFC0271
VFG002195,VFC0251
VFG002196,VFC0251
VFG002197,VFC0271
VFG042976,VFC0001
VFG042977,VFC0001
VFG042978,VFC0001
VFG042979,VFC0001
VFG043518,VFC0001
VFG045470,VFC0235
VFG045472,VFC0235
VFG045473,VFC0235
VFG045474,VFC0235
VFG045626,VFC0001
VFG045632,VFC0001
VFG045635,VFC0001
VFG000710,VFC0301
VFG000739,VFC0086
VFG000750,VFC0001
VFG000751,VFC0001
VFG000752,VFC0001
VFG000755,VFC0001
VFG000757,VFC0001
VFG000760,VFC0001
VFG000762,VFC0001
VFG000763,VFC0301
VFG000764,VFC0301
VFG000765,VFC0301
VFG000794,VFC0086
VFG000795,VFC0086
VFG000796,VFC0086
VFG000797,VFC0086
VFG000799,VFC0086
VFG000800,VFC0086
VFG000801,VFC0086
VFG000802,VFC0086
VFG000803,VFC0086
VFG000804,VFC0086
VFG000805,VFC0086
VFG000806,VFC0086
VFG000807,VFC0086
VFG000808,VFC0086
VFG000809,VFC0086
VFG000810,VFC0086
VFG000811,VFC0086
VFG000812,VFC0086
VFG000813,VFC0086
VFG000814,VFC0086
VFG000815,VFC0086
VFG000816,VFC0086
VFG000817,VFC0086
VFG000818,VFC0086
VFG000819,VFC0086
VFG000820,VFC0086
VFG000821,VFC0086
VFG000822,VFC0086
VFG000823,VFC0086
VFG000824,VFC0086
VFG000825,VFC0086
VFG000826,VFC0086
VFG000827,VFC0086
VFG000828,VFC0086
VFG000829,VFC0086
VFG000830,VFC0086
VFG000831,VFC0086
VFG000832,VFC0301
VFG000833,VFC0086
VFG000834,VFC0086
VFG000835,VFC0235
VFG000836,VFC0235
VFG000837,VFC0235
VFG000838,VFC0235
VFG000839,VFC0001
VFG000840,VFC0235
VFG000841,VFC0235
VFG000842,VFC0235
VFG000843,VFC0235
VFG000844,VFC0086
VFG000845,VFC0086
VFG000846,VFC0251
VFG000859,VFC0235
VFG000860,VFC0235
VFG000861,VFC0086
VFG000862,VFC0086
VFG000863,VFC0235
VFG000871,VFC0001
VFG000872,VFC0001
VFG000873,VFC0001
VFG000874,VFC0001
VFG000875,VFC0001
VFG000876,VFC0001
VFG000877,VFC0001
VFG000878,VFC0001
VFG000879,VFC0001
VFG000880,VFC0001
VFG000881,VFC0001
VFG000882,VFC0001
VFG000883,VFC0001
VFG000884,VFC0001
VFG000885,VFC0001
VFG000886,VFC0001
VFG000887,VFC0001
VFG000888,VFC0001
VFG000889,VFC0001
VFG000890,VFC0001
VFG000891,VFC0001
VFG000893,VFC0001
VFG000901,VFC0001
VFG000902,VFC0086
VFG000903,VFC0086
VFG000905,VFC0235
VFG000906,VFC0235
VFG000907,VFC0235
VFG000908,VFC0235
VFG000909,VFC0001
VFG000910,VFC0001
VFG000911,VFC0001
VFG000912,VFC0001
VFG000913,VFC0001
VFG000914,VFC0001
VFG000915,VFC0001
VFG000916,VFC0272
VFG000917,VFC0272
VFG000918,VFC0272
VFG000919,VFC0272
VFG000920,VFC0272
VFG000921,VFC0272
VFG000922,VFC0272
VFG000923,VFC0272
VFG000924,VFC0272
VFG000925,VFC0272
VFG000926,VFC0272
VFG000927,VFC0272
VFG000928,VFC0272
VFG000929,VFC0272
VFG000930,VFC0272
VFG000931,VFC0272
VFG000932,VFC0272
VFG000933,VFC0272
VFG000934,VFC0272
VFG000935,VFC0272
VFG000936,VFC0272
VFG000937,VFC0272
VFG000938,VFC0272
VFG000939,VFC0272
VFG000940,VFC0272
VFG000942,VFC0001
VFG000943,VFC0001
VFG000944,VFC0001
VFG000945,VFC0001
VFG000946,VFC0001
VFG001424,VFC0001
VFG001428,VFC0001
VFG001443,VFC0083
VFG001444,VFC0083
VFG001445,VFC0083
VFG001446,VFC0001
VFG001447,VFC0235
VFG001713,VFC0001
VFG002039,VFC0235
VFG002121,VFC0086
VFG002122,VFC0086
VFG002123,VFC0086
VFG002412,VFC0001
VFG002413,VFC0001
VFG002414,VFC0001
VFG002415,VFC0001
VFG002416,VFC0001
VFG002417,VFC0001
VFG012327,VFC0001
VFG012329,VFC0001
VFG012333,VFC0001
VFG012335,VFC0001
VFG012337,VFC0001
VFG012339,VFC0001
VFG012341,VFC0001
VFG012343,VFC0001
VFG012362,VFC0086
VFG012436,VFC0086
VFG012438,VFC0086
VFG012493,VFC0235
VFG012501,VFC0272
VFG012505,VFC0272
VFG012509,VFC0272
VFG012513,VFC0272
VFG012591,VFC0272
VFG012597,VFC0272
VFG012603,VFC0272
VFG012609,VFC0272
VFG012615,VFC0272
VFG012621,VFC0272
VFG012627,VFC0272
VFG033389,VFC0001
VFG033393,VFC0001
VFG033422,VFC0086
VFG033439,VFC0086
VFG033448,VFC0086
VFG033457,VFC0086
VFG033466,VFC0086
VFG033475,VFC0086
VFG033484,VFC0086
VFG033493,VFC0086
VFG033502,VFC0086
VFG033511,VFC0086
VFG033520,VFC0086
VFG033536,VFC0086
VFG033545,VFC0086
VFG033562,VFC0086
VFG033579,VFC0086
VFG033587,VFC0086
VFG033604,VFC0086
VFG033612,VFC0086
VFG033621,VFC0086
VFG033630,VFC0086
VFG033639,VFC0086
VFG033666,VFC0086
VFG033675,VFC0086
VFG033738,VFC0086
VFG033747,VFC0086
VFG033773,VFC0086
VFG033788,VFC0086
VFG033805,VFC0086
VFG034541,VFC0001
VFG034574,VFC0346
VFG034575,VFC0001
VFG034576,VFC0001
VFG034577,VFC0001
VFG034578,VFC0001
VFG034612,VFC0001
VFG034624,VFC0001
VFG034636,VFC0001
VFG034648,VFC0001
VFG034679,VFC0083
VFG034721,VFC0083
VFG034746,VFC0086
VFG034754,VFC0086
VFG034761,VFC0086
VFG034764,VFC0086
VFG034772,VFC0086
VFG034778,VFC0086
VFG034780,VFC0086
VFG034786,VFC0086
VFG034788,VFC0086
VFG034803,VFC0086
VFG034804,VFC0086
VFG034810,VFC0086
VFG034815,VFC0086
VFG034817,VFC0086
VFG034825,VFC0086
VFG034826,VFC0086
VFG034831,VFC0086
VFG034837,VFC0086
VFG034840,VFC0086
VFG034849,VFC0086
VFG034851,VFC0086
VFG034859,VFC0086
VFG034861,VFC0086
VFG034866,VFC0086
VFG034873,VFC0086
VFG034875,VFC0086
VFG034880,VFC0086
VFG034882,VFC0086
VFG034887,VFC0086
VFG034895,VFC0086
VFG034897,VFC0086
VFG034901,VFC0086
VFG034908,VFC0086
VFG034910,VFC0086
VFG034915,VFC0086
VFG034917,VFC0086
VFG034922,VFC0086
VFG034928,VFC0086
VFG034929,VFC0086
VFG034932,VFC0086
VFG034942,VFC0086
VFG034951,VFC0086
VFG034954,VFC0086
VFG034966,VFC0086
VFG034975,VFC0086
VFG034977,VFC0086
VFG034984,VFC0086
VFG034985,VFC0086
VFG034987,VFC0086
VFG034992,VFC0086
VFG035000,VFC0086
VFG035006,VFC0086
VFG035012,VFC0086
VFG035020,VFC0086
VFG035025,VFC0086
VFG035027,VFC0086
VFG035032,VFC0086
VFG035037,VFC0086
VFG035043,VFC0086
VFG035045,VFC0086
VFG035053,VFC0086
VFG035062,VFC0086
VFG035073,VFC0086
VFG035902,VFC0346
VFG035909,VFC0346
VFG035916,VFC0346
VFG035923,VFC0346
VFG035929,VFC0346
VFG036066,VFC0235
VFG036068,VFC0235
VFG042218,VFC0086
VFG042219,VFC0086
VFG042336,VFC0086
VFG042382,VFC0001
VFG042389,VFC0001
VFG042390,VFC0001
VFG042567,VFC0001
VFG042568,VFC0001
VFG042569,VFC0001
VFG042784,VFC0001
VFG042788,VFC0001
VFG042789,VFC0001
VFG042791,VFC0001
VFG042793,VFC0001
VFG042794,VFC0001
VFG042796,VFC0001
VFG043732,VFC0235
VFG043733,VFC0235
VFG043734,VFC0235
VFG044159,VFC0272
VFG044165,VFC0272
VFG044172,VFC0272
VFG045328,VFC0235
VFG045349,VFC0001
VFG045464,VFC0258
VFG045788,VFC0001
VFG045789,VFC0001
VFG045790,VFC0001
VFG045791,VFC0001
VFG045792,VFC0001
VFG045793,VFC0001
VFG045794,VFC0001
VFG045818,VFC0086
VFG050157,VFC0083
VFG050158,VFC0083
VFG050159,VFC0083
VFG050160,VFC0083
VFG050161,VFC0083
VFG050162,VFC0083
VFG050163,VFC0083
VFG050164,VFC0083
VFG050165,VFC0083
VFG050166,VFC0083
VFG050167,VFC0083
VFG050168,VFC0083
VFG050169,VFC0083
VFG042845,VFC0001
VFG042846,VFC0001
VFG042847,VFC0001
VFG042848,VFC0001
VFG042850,VFC0001
VFG042851,VFC0001
VFG042852,VFC0001
VFG042853,VFC0001
VFG042854,VFC0001
VFG042855,VFC0001
VFG042856,VFC0001
VFG042857,VFC0001
VFG042858,VFC0001
VFG042859,VFC0001
VFG044194,VFC0272
VFG044195,VFC0272
VFG044196,VFC0272
VFG044197,VFC0272
VFG044198,VFC0272
VFG044199,VFC0272
VFG044346,VFC0272
VFG046318,VFC0001
VFG046465,VFC0001
VFG046483,VFC0001
VFG046501,VFC0346
VFG046519,VFC0346
VFG046537,VFC0346
VFG046553,VFC0282
VFG046569,VFC0282
VFG046582,VFC0282
VFG046595,VFC0282
VFG046610,VFC0258
VFG046628,VFC0258
VFG046645,VFC0258
VFG046662,VFC0258
VFG046680,VFC0258
VFG046694,VFC0258
VFG046706,VFC0258
VFG046718,VFC0258
VFG046732,VFC0258
VFG046747,VFC0258
VFG046763,VFC0258
VFG046781,VFC0258
VFG046799,VFC0258
VFG046817,VFC0258
VFG046835,VFC0258
VFG046853,VFC0258
VFG046871,VFC0258
VFG046887,VFC0258
VFG046903,VFC0258
VFG046921,VFC0258
VFG046938,VFC0258
VFG046955,VFC0258
VFG046972,VFC0258
VFG046988,VFC0258
VFG047006,VFC0258
VFG047022,VFC0258
VFG047039,VFC0258
VFG047055,VFC0258
VFG047068,VFC0258
VFG047082,VFC0258
VFG047095,VFC0258
VFG047111,VFC0258
VFG047125,VFC0258
VFG047137,VFC0258
VFG047149,VFC0258
VFG047162,VFC0258
VFG047176,VFC0258
VFG047189,VFC0258
VFG047204,VFC0258
VFG047221,VFC0258
VFG047239,VFC0258
VFG047256,VFC0258
VFG047274,VFC0258
VFG047401,VFC0272
VFG047416,VFC0272
VFG047431,VFC0272
VFG047461,VFC0272
VFG047478,VFC0272
VFG047495,VFC0272
VFG047512,VFC0272
VFG047529,VFC0272
VFG047546,VFC0272
VFG047564,VFC0272
VFG047582,VFC0272
VFG047600,VFC0272
VFG047618,VFC0272
VFG047636,VFC0272
VFG047654,VFC0272
VFG047672,VFC0272
VFG047690,VFC0272
VFG047708,VFC0272
VFG047726,VFC0272
VFG047748,VFC0086
VFG047777,VFC0086
VFG047806,VFC0086
VFG047834,VFC0086
VFG047860,VFC0086
VFG047889,VFC0086
VFG047917,VFC0086
VFG047945,VFC0086
VFG047973,VFC0086
VFG048002,VFC0086
VFG048030,VFC0086
VFG048055,VFC0086
VFG048082,VFC0086
VFG048111,VFC0086
VFG048140,VFC0086
VFG048169,VFC0086
VFG048194,VFC0086
VFG000326,VFC0258
VFG000327,VFC0258
VFG000328,VFC0258
VFG000329,VFC0258
VFG000330,VFC0258
VFG000331,VFC0258
VFG000332,VFC0258
VFG000333,VFC0258
VFG000334,VFC0001
VFG000335,VFC0001
VFG000336,VFC0258
VFG000337,VFC0251
VFG000338,VFC0272
VFG000339,VFC0272
VFG000340,VFC0272
VFG000341,VFC0272
VFG000343,VFC0272
VFG000344,VFC0272
VFG000347,VFC0272
VFG000348,VFC0272
VFG000685,VFC0258
VFG000686,VFC0258
VFG000687,VFC0258
VFG000688,VFC0258
VFG000689,VFC0258
VFG000690,VFC0258
VFG000691,VFC0258
VFG000692,VFC0258
VFG000693,VFC0258
VFG000694,VFC0258
VFG000696,VFC0258
VFG000704,VFC0258
VFG001144,VFC0001
VFG001145,VFC0001
VFG001146,VFC0001
VFG001147,VFC0001
VFG001148,VFC0001
VFG001149,VFC0001
VFG001151,VFC0001
VFG001152,VFC0001
VFG001153,VFC0001
VFG001154,VFC0001
VFG001155,VFC0001
VFG001156,VFC0001
VFG013139,VFC0001
VFG013236,VFC0258
VFG013242,VFC0258
VFG013248,VFC0258
VFG013254,VFC0258
VFG013260,VFC0258
VFG013265,VFC0258
VFG013271,VFC0258
VFG013276,VFC0258
VFG013281,VFC0258
VFG013286,VFC0258
VFG013292,VFC0258
VFG013299,VFC0258
VFG013315,VFC0258
VFG013321,VFC0258
VFG013327,VFC0258
VFG013342,VFC0258
VFG013346,VFC0258
VFG013352,VFC0258
VFG013354,VFC0258
VFG013361,VFC0258
VFG013365,VFC0258
VFG013368,VFC0258
VFG013374,VFC0258
VFG013380,VFC0258
VFG013384,VFC0258
VFG013390,VFC0258
VFG013400,VFC0258
VFG013412,VFC0258
VFG013418,VFC0258
VFG013424,VFC0258
VFG013436,VFC0258
VFG013465,VFC0258
VFG013471,VFC0258
VFG013476,VFC0258
VFG013482,VFC0258
VFG013487,VFC0258
VFG013491,VFC0258
VFG013496,VFC0258
VFG013500,VFC0258
VFG013503,VFC0258
VFG013508,VFC0258
VFG013594,VFC0272
VFG045329,VFC0272
VFG000269,VFC0282
VFG000270,VFC0282
VFG000271,VFC0282
VFG000272,VFC0282
VFG000273,VFC0282
VFG000274,VFC0282
VFG000275,VFC0282
VFG000276,VFC0204
VFG000277,VFC0204
VFG000278,VFC0204
VFG000279,VFC0235
VFG000280,VFC0086
VFG000282,VFC0086
VFG000283,VFC0086
VFG000284,VFC0086
VFG000285,VFC0086
VFG000286,VFC0086
VFG000287,VFC0086
VFG000288,VFC0086
VFG000289,VFC0086
VFG000290,VFC0086
VFG000291,VFC0086
VFG000292,VFC0086
VFG000293,VFC0086
VFG000294,VFC0086
VFG000295,VFC0086
VFG000296,VFC0086
VFG000297,VFC0086
VFG000298,VFC0086
VFG000299,VFC0086
VFG000300,VFC0086
VFG000301,VFC0086
VFG000302,VFC0086
VFG000303,VFC0086
VFG000304,VFC0086
VFG000305,VFC0086
VFG000306,VFC0086
VFG000307,VFC0258
VFG000308,VFC0258
VFG000309,VFC0258
VFG000310,VFC0204
VFG000311,VFC0204
VFG000312,VFC0001
VFG000313,VFC0258
VFG000314,VFC0258
VFG000315,VFC0258
VFG000316,VFC0258
VFG000317,VFC0258
VFG000318,VFC0258
VFG000320,VFC0258
VFG000321,VFC0258
VFG000322,VFC0258
VFG000323,VFC0258
VFG001142,VFC0001
VFG001143,VFC0258
VFG006339,VFC0001
VFG006342,VFC0001
VFG006349,VFC0001
VFG006512,VFC0258
VFG006528,VFC0204
VFG006533,VFC0204
VFG006538,VFC0204
VFG006543,VFC0204
VFG006548,VFC0204
VFG006553,VFC0204
VFG006557,VFC0204
VFG006562,VFC0204
VFG006567,VFC0204
VFG006572,VFC0204
VFG006577,VFC0204
VFG006582,VFC0204
VFG006587,VFC0204
VFG006592,VFC0204
VFG006597,VFC0204
VFG006602,VFC0204
VFG006612,VFC0204
VFG006617,VFC0204
VFG006622,VFC0204
VFG006627,VFC0204
VFG006632,VFC0204
VFG006637,VFC0204
VFG006647,VFC0204
VFG006652,VFC0204
VFG006657,VFC0204
VFG006662,VFC0204
VFG006667,VFC0204
VFG006672,VFC0204
VFG006677,VFC0204
VFG006681,VFC0204
VFG006686,VFC0204
VFG006696,VFC0204
VFG006701,VFC0204
VFG043364,VFC0204
VFG043365,VFC0204
VFG043366,VFC0204
VFG043367,VFC0204
VFG043368,VFC0204
VFG043369,VFC0204
VFG043371,VFC0204
VFG043372,VFC0204
VFG043373,VFC0204
VFG043374,VFC0204
VFG043375,VFC0204
VFG043376,VFC0204
VFG043377,VFC0204
VFG043378,VFC0204
VFG043379,VFC0204
VFG043381,VFC0204
VFG043382,VFC0204
VFG043383,VFC0204
VFG043384,VFC0204
VFG043385,VFC0204
VFG043386,VFC0204
VFG043387,VFC0204
VFG043389,VFC0204
VFG043390,VFC0204
VFG043391,VFC0204
VFG050273,VFC0258
VFG043623,VFC0271
VFG043624,VFC0271
VFG043625,VFC0271
VFG043626,VFC0271
VFG043627,VFC0271
VFG044322,VFC0272
VFG044323,VFC0272
VFG044324,VFC0272
VFG044325,VFC0272
VFG044326,VFC0272
VFG044327,VFC0272
VFG044328,VFC0272
VFG044329,VFC0272
VFG044330,VFC0272
VFG044331,VFC0272
VFG044332,VFC0272
VFG044333,VFC0272
VFG044334,VFC0272
VFG044335,VFC0272
VFG044336,VFC0272
VFG044337,VFC0272
VFG048229,VFC0001
VFG048237,VFC0001
VFG048247,VFC0001
VFG048257,VFC0001
VFG048267,VFC0001
VFG048277,VFC0001
VFG048287,VFC0001
VFG048297,VFC0001
VFG048307,VFC0001
VFG048317,VFC0001
VFG048327,VFC0271
VFG048338,VFC0271
VFG048348,VFC0271
VFG048409,VFC0272
VFG048419,VFC0272
VFG048429,VFC0272
VFG048439,VFC0272
VFG048449,VFC0272
VFG048459,VFC0272
VFG048468,VFC0272
VFG048478,VFC0272
VFG048488,VFC0272
VFG048498,VFC0272
VFG048508,VFC0272
VFG048518,VFC0272
VFG048528,VFC0272
VFG048547,VFC0272
VFG048550,VFC0272
VFG048551,VFC0272
VFG048554,VFC0272
VFG048600,VFC0272
VFG048603,VFC0272
VFG048606,VFC0272
VFG048609,VFC0272
VFG048620,VFC0272
VFG048621,VFC0272
VFG048632,VFC0086
VFG048643,VFC0086
VFG048654,VFC0086
VFG048665,VFC0086
VFG048676,VFC0086
VFG048687,VFC0086
VFG048697,VFC0086
VFG048708,VFC0086
VFG048755,VFC0086
VFG048762,VFC0086
VFG048771,VFC0086
VFG048779,VFC0086
VFG048787,VFC0086
VFG048797,VFC0258
VFG048808,VFC0258
VFG048819,VFC0258
VFG048830,VFC0258
VFG048841,VFC0258
VFG048852,VFC0258
VFG048863,VFC0258
VFG048874,VFC0258
VFG048885,VFC0258
VFG048896,VFC0258
VFG048907,VFC0258
VFG048918,VFC0258
VFG048929,VFC0258
VFG048940,VFC0258
VFG048951,VFC0258
VFG048962,VFC0258
VFG048972,VFC0258
VFG048980,VFC0258
VFG048985,VFC0258
VFG048990,VFC0258
VFG048995,VFC0301
VFG048996,VFC0301
VFG048998,VFC0301
VFG049007,VFC0301
VFG049018,VFC0301
VFG049029,VFC0258
VFG049040,VFC0258
VFG049051,VFC0258
VFG049062,VFC0258
VFG049073,VFC0258
VFG049084,VFC0258
VFG049095,VFC0258
VFG049114,VFC0272
VFG049116,VFC0272
VFG049118,VFC0272
VFG049120,VFC0272
VFG049122,VFC0272
VFG049124,VFC0272
VFG049133,VFC0325
VFG049144,VFC0325
VFG049147,VFC0235
VFG049148,VFC0235
VFG049149,VFC0235
VFG049150,VFC0235
VFG049151,VFC0235
VFG049152,VFC0235
VFG049153,VFC0235
VFG049154,VFC0235
VFG049155,VFC0235
VFG049156,VFC0235
VFG049157,VFC0235
VFG049158,VFC0235
VFG049159,VFC0235
VFG049160,VFC0235
VFG049161,VFC0235
VFG049162,VFC0235
VFG049163,VFC0235
VFG049164,VFC0235
VFG001830,VFC0086
VFG001831,VFC0086
VFG001832,VFC0086
VFG001833,VFC0086
VFG001834,VFC0086
VFG001835,VFC0086
VFG001836,VFC0086
VFG001837,VFC0086
VFG001838,VFC0086
VFG001839,VFC0086
VFG001840,VFC0086
VFG001841,VFC0086
VFG001842,VFC0086
VFG001843,VFC0086
VFG001844,VFC0086
VFG001845,VFC0086
VFG001846,VFC0086
VFG001847,VFC0086
VFG001848,VFC0086
VFG001849,VFC0086
VFG001850,VFC0086
VFG001851,VFC0086
VFG001852,VFC0086
VFG001853,VFC0086
VFG001854,VFC0204
VFG001855,VFC0001
VFG001856,VFC0272
VFG001857,VFC0272
VFG001858,VFC0272
VFG001859,VFC0272
VFG001860,VFC0272
VFG001861,VFC0282
VFG001862,VFC0282
VFG001863,VFC0086
VFG001864,VFC0315
VFG001865,VFC0001
VFG001866,VFC0301
VFG001867,VFC0282
VFG001868,VFC0282
VFG001870,VFC0086
VFG001871,VFC0086
VFG001872,VFC0086
VFG001873,VFC0086
VFG001874,VFC0086
VFG001875,VFC0086
VFG001876,VFC0086
VFG001877,VFC0086
VFG001878,VFC0086
VFG001879,VFC0086
VFG001880,VFC0001
VFG001881,VFC0001
VFG001882,VFC0001
VFG001883,VFC0346
VFG001884,VFC0346
VFG001885,VFC0346
VFG001887,VFC0301
VFG001888,VFC0301
VFG001889,VFC0301
VFG001990,VFC0204
VFG001991,VFC0204
VFG001992,VFC0204
VFG001993,VFC0204
VFG001994,VFC0204
VFG001995,VFC0204
VFG001996,VFC0204
VFG001997,VFC0204
VFG001998,VFC0204
VFG001999,VFC0204
VFG002000,VFC0204
VFG002001,VFC0204
VFG002002,VFC0204
VFG002003,VFC0204
VFG002004,VFC0204
VFG002005,VFC0204
VFG002006,VFC0204
VFG002007,VFC0204
VFG002008,VFC0204
VFG002009,VFC0204
VFG002011,VFC0204
VFG002012,VFC0204
VFG002013,VFC0204
VFG002014,VFC0204
VFG002015,VFC0204
VFG002016,VFC0204
VFG002017,VFC0204
VFG002018,VFC0204
VFG002019,VFC0204
VFG002095,VFC0086
VFG002096,VFC0086
VFG002097,VFC0272
VFG002098,VFC0086
VFG002099,VFC0086
VFG002100,VFC0086
VFG002101,VFC0086
VFG002102,VFC0086
VFG002103,VFC0086
VFG002104,VFC0086
VFG002105,VFC0086
VFG002106,VFC0086
VFG002107,VFC0086
VFG002108,VFC0086
VFG002109,VFC0086
VFG002110,VFC0086
VFG002111,VFC0086
VFG002112,VFC0086
VFG002113,VFC0086
VFG002114,VFC0086
VFG002115,VFC0086
VFG002116,VFC0086
VFG002117,VFC0086
VFG002118,VFC0086
VFG002119,VFC0086
VFG002120,VFC0086
VFG002163,VFC0086
VFG010439,VFC0001
VFG010455,VFC0001
VFG010459,VFC0001
VFG010463,VFC0001
VFG010467,VFC0001
VFG010471,VFC0001
VFG010475,VFC0001
VFG010479,VFC0001
VFG010491,VFC0346
VFG010495,VFC0346
VFG010499,VFC0346
VFG010503,VFC0346
VFG010515,VFC0086
VFG010519,VFC0346
VFG010523,VFC0346
VFG010527,VFC0346
VFG010682,VFC0086
VFG010686,VFC0086
VFG010693,VFC0086
VFG010701,VFC0086
VFG010708,VFC0086
VFG010730,VFC0086
VFG010745,VFC0086
VFG010749,VFC0086
VFG010759,VFC0086
VFG010763,VFC0086
VFG010846,VFC0086
VFG010851,VFC0235
VFG010854,VFC0272
VFG010858,VFC0272
VFG010862,VFC0272
VFG010866,VFC0272
VFG010874,VFC0272
VFG010878,VFC0272
VFG010882,VFC0272
VFG010898,VFC0272
VFG010906,VFC0301
VFG018236,VFC0086
VFG041230,VFC0086
VFG041231,VFC0086
VFG041232,VFC0086
VFG041233,VFC0086
VFG041234,VFC0086
VFG041235,VFC0086
VFG041236,VFC0086
VFG041237,VFC0086
VFG041238,VFC0086
VFG041239,VFC0086
VFG041240,VFC0086
VFG041241,VFC0086
VFG041242,VFC0086
VFG041243,VFC0086
VFG041244,VFC0086
VFG041245,VFC0086
VFG041246,VFC0086
VFG041247,VFC0086
VFG041248,VFC0086
VFG041249,VFC0086
VFG041250,VFC0086
VFG041251,VFC0086
VFG041252,VFC0086
VFG041253,VFC0086
VFG041254,VFC0086
VFG041255,VFC0086
VFG041256,VFC0086
VFG041257,VFC0086
VFG041258,VFC0086
VFG041259,VFC0086
VFG041260,VFC0086
VFG041261,VFC0086
VFG041262,VFC0086
VFG041263,VFC0086
VFG041264,VFC0086
VFG041265,VFC0086
VFG041266,VFC0086
VFG041267,VFC0086
VFG041268,VFC0086
VFG041269,VFC0086
VFG041275,VFC0086
VFG041276,VFC0086
VFG041277,VFC0086
VFG041278,VFC0086
VFG041279,VFC0086
VFG041280,VFC0086
VFG041281,VFC0086
VFG041282,VFC0086
VFG041283,VFC0086
VFG041284,VFC0086
VFG041285,VFC0086
VFG041286,VFC0086
VFG041287,VFC0086
VFG041288,VFC0086
VFG041289,VFC0086
VFG041290,VFC0086
VFG041291,VFC0086
VFG041292,VFC0086
VFG041293,VFC0086
VFG041294,VFC0086
VFG041295,VFC0086
VFG041296,VFC0086
VFG041297,VFC0086
VFG041298,VFC0086
VFG041299,VFC0086
VFG041300,VFC0086
VFG041301,VFC0086
VFG041302,VFC0086
VFG041303,VFC0086
VFG041304,VFC0086
VFG041305,VFC0086
VFG041306,VFC0086
VFG041307,VFC0086
VFG041308,VFC0086
VFG041309,VFC0086
VFG041310,VFC0086
VFG041311,VFC0086
VFG041312,VFC0086
VFG041313,VFC0086
VFG041314,VFC0086
VFG041315,VFC0086
VFG041316,VFC0086
VFG041317,VFC0086
VFG041318,VFC0086
VFG041319,VFC0086
VFG041320,VFC0086
VFG041321,VFC0086
VFG041322,VFC0086
VFG041323,VFC0086
VFG041324,VFC0086
VFG041325,VFC0086
VFG041326,VFC0086
VFG041327,VFC0086
VFG041328,VFC0086
VFG041329,VFC0086
VFG041330,VFC0086
VFG041331,VFC0086
VFG041332,VFC0086
VFG041333,VFC0086
VFG041334,VFC0086
VFG041335,VFC0086
VFG041336,VFC0086
VFG041337,VFC0086
VFG041338,VFC0086
VFG041339,VFC0086
VFG041340,VFC0086
VFG041341,VFC0086
VFG041342,VFC0086
VFG041343,VFC0086
VFG041344,VFC0086
VFG041345,VFC0086
VFG041346,VFC0086
VFG041347,VFC0086
VFG041348,VFC0086
VFG041349,VFC0086
VFG041350,VFC0086
VFG041351,VFC0086
VFG042860,VFC0001
VFG042861,VFC0001
VFG042862,VFC0001
VFG042863,VFC0001
VFG042864,VFC0001
VFG042865,VFC0001
VFG042866,VFC0001
VFG042867,VFC0001
VFG042869,VFC0001
VFG042870,VFC0001
VFG043318,VFC0204
VFG043319,VFC0204
VFG043320,VFC0204
VFG043321,VFC0204
VFG043331,VFC0204
VFG043336,VFC0204
VFG043338,VFC0204
VFG043340,VFC0204
VFG043345,VFC0204
VFG043346,VFC0204
VFG043349,VFC0204
VFG043350,VFC0204
VFG043360,VFC0204
VFG043361,VFC0204
VFG043362,VFC0204
VFG043363,VFC0204
VFG044128,VFC0272
VFG045296,VFC0258
VFG045297,VFC0258
VFG045298,VFC0258
VFG045299,VFC0258
VFG045300,VFC0258
VFG045301,VFC0258
VFG045302,VFC0258
VFG045303,VFC0258
VFG045304,VFC0258
VFG045305,VFC0258
VFG045306,VFC0258
VFG045307,VFC0258
VFG045308,VFC0258
VFG045309,VFC0258
VFG045310,VFC0258
VFG045312,VFC0258
VFG045313,VFC0258
VFG045314,VFC0258
VFG045315,VFC0258
VFG045316,VFC0258
VFG045317,VFC0258
VFG045318,VFC0258
VFG045319,VFC0258
VFG045320,VFC0258
VFG045321,VFC0258
VFG045323,VFC0258
VFG045324,VFC0258
VFG045325,VFC0258
VFG045326,VFC0346
VFG045327,VFC0282
VFG045330,VFC0272
VFG045475,VFC0086
VFG045476,VFC0086
VFG045477,VFC0086
VFG045478,VFC0086
VFG045479,VFC0086
VFG045480,VFC0086
VFG045481,VFC0086
VFG045482,VFC0086
VFG045483,VFC0086
VFG045484,VFC0086
VFG045485,VFC0086
VFG045486,VFC0086
VFG045487,VFC0086
VFG045488,VFC0086
VFG045489,VFC0086
VFG045490,VFC0086
VFG045491,VFC0086
VFG045492,VFC0086
VFG045493,VFC0086
VFG045494,VFC0086
VFG045495,VFC0086
VFG045496,VFC0086
VFG045497,VFC0086
VFG045498,VFC0086
VFG045499,VFC0086
VFG045500,VFC0086
VFG045501,VFC0086
VFG045502,VFC0086
VFG045503,VFC0086
VFG045504,VFC0086
VFG045505,VFC0086
VFG045506,VFC0086
VFG045507,VFC0086
VFG045508,VFC0086
VFG045509,VFC0086
VFG045510,VFC0086
VFG045511,VFC0086
VFG045512,VFC0086
VFG045513,VFC0086
VFG045514,VFC0086
VFG045515,VFC0086
VFG045516,VFC0086
VFG045517,VFC0086
VFG045518,VFC0086
VFG045519,VFC0086
VFG045520,VFC0086
VFG045521,VFC0086
VFG045522,VFC0086
VFG045523,VFC0086
VFG045524,VFC0086
VFG045525,VFC0086
VFG045526,VFC0086
VFG045527,VFC0086
VFG045528,VFC0086
VFG045529,VFC0086
VFG045530,VFC0086
VFG045531,VFC0086
VFG045532,VFC0086
VFG045533,VFC0086
VFG045534,VFC0086
VFG045535,VFC0086
VFG045536,VFC0086
VFG045537,VFC0086
VFG045538,VFC0086
VFG045539,VFC0086
VFG045540,VFC0086
VFG045541,VFC0086
VFG045542,VFC0086
VFG045543,VFC0086
VFG045544,VFC0086
VFG045545,VFC0086
VFG045546,VFC0086
VFG045547,VFC0086
VFG045548,VFC0086
VFG045549,VFC0086
VFG045550,VFC0086
VFG045551,VFC0086
VFG045552,VFC0086
VFG045553,VFC0086
VFG045554,VFC0086
VFG045555,VFC0086
VFG045556,VFC0086
VFG045557,VFC0086
VFG045558,VFC0086
VFG045559,VFC0086
VFG045560,VFC0086
VFG045561,VFC0086
VFG045562,VFC0086
VFG045563,VFC0086
VFG045564,VFC0086
VFG045565,VFC0086
VFG045566,VFC0086
VFG045567,VFC0086
VFG045568,VFC0086
VFG045569,VFC0086
VFG045570,VFC0086
VFG045571,VFC0086
VFG045572,VFC0086
VFG045573,VFC0086
VFG045574,VFC0086
VFG045575,VFC0086
VFG045576,VFC0086
VFG045577,VFC0086
VFG045578,VFC0086
VFG045579,VFC0086
VFG045580,VFC0086
VFG045581,VFC0086
VFG045582,VFC0086
VFG045583,VFC0086
VFG045584,VFC0086
VFG045585,VFC0086
VFG045586,VFC0086
VFG045587,VFC0086
VFG045588,VFC0086
VFG045589,VFC0086
VFG045590,VFC0086
VFG045591,VFC0086
VFG045592,VFC0086
VFG045593,VFC0086
VFG045594,VFC0086
VFG045595,VFC0086
VFG045596,VFC0086
VFG045597,VFC0086
VFG045598,VFC0086
VFG045599,VFC0086
VFG045600,VFC0086
VFG045601,VFC0086
VFG045602,VFC0086
VFG045603,VFC0086
VFG045604,VFC0086
VFG045605,VFC0086
VFG045606,VFC0086
VFG045607,VFC0086
VFG045608,VFC0086
VFG045609,VFC0086
VFG000068,VFC0204
VFG000069,VFC0235
VFG000070,VFC0083
VFG000071,VFC0251
VFG000072,VFC0301
VFG000073,VFC0235
VFG000074,VFC0235
VFG000075,VFC0083
VFG000076,VFC0083
VFG000077,VFC0282
VFG000078,VFC0001
VFG000079,VFC0282
VFG000080,VFC0282
VFG000674,VFC0251
VFG001089,VFC0272
VFG001090,VFC0272
VFG002157,VFC0083
VFG002158,VFC0272
VFG002159,VFC0083
VFG002160,VFC0001
VFG002161,VFC0315
VFG002162,VFC0282
VFG006717,VFC0001
VFG006721,VFC0001
VFG006768,VFC0083
VFG032762,VFC0001
VFG032821,VFC0001
VFG032845,VFC0315
VFG032878,VFC0315
VFG032910,VFC0258
VFG032936,VFC0258
VFG032965,VFC0258
VFG032992,VFC0258
VFG033025,VFC0258
VFG045331,VFC0235
VFG045332,VFC0235
VFG045333,VFC0235
VFG045334,VFC0235
VFG045335,VFC0235
VFG045336,VFC0235
VFG045337,VFC0235
VFG045338,VFC0235
VFG045468,VFC0272
VFG049468,VFC0001
VFG001379,VFC0301
VFG001380,VFC0282
VFG001381,VFC0346
VFG001382,VFC0346
VFG001383,VFC0001
VFG001385,VFC0346
VFG001386,VFC0301
VFG001390,VFC0301
VFG001391,VFC0272
VFG001392,VFC0301
VFG001393,VFC0272
VFG001395,VFC0272
VFG001396,VFC0282
VFG001397,VFC0282
VFG001400,VFC0235
VFG001401,VFC0235
VFG001402,VFC0235
VFG001403,VFC0272
VFG001404,VFC0282
VFG001405,VFC0301
VFG001406,VFC0301
VFG001407,VFC0258
VFG001408,VFC0258
VFG001409,VFC0258
VFG001410,VFC0258
VFG001412,VFC0301
VFG001413,VFC0301
VFG001414,VFC0301
VFG001415,VFC0272
VFG001416,VFC0272
VFG001417,VFC0272
VFG001419,VFC0001
VFG001420,VFC0346
VFG001421,VFC0282
VFG001810,VFC0001
VFG001811,VFC0001
VFG001812,VFC0001
VFG001813,VFC0258
VFG001814,VFC0272
VFG001815,VFC0272
VFG001816,VFC0272
VFG001817,VFC0272
VFG001818,VFC0272
VFG001819,VFC0272
VFG001820,VFC0272
VFG001821,VFC0272
VFG001822,VFC0272
VFG001823,VFC0272
VFG001824,VFC0301
VFG001825,VFC0301
VFG001826,VFC0301
VFG002378,VFC0086
VFG002379,VFC0086
VFG002380,VFC0086
VFG002381,VFC0086
VFG002382,VFC0086
VFG002383,VFC0086
VFG002384,VFC0086
VFG002385,VFC0086
VFG002386,VFC0086
VFG002387,VFC0086
VFG002388,VFC0086
VFG002389,VFC0086
VFG002390,VFC0086
VFG002391,VFC0086
VFG002392,VFC0086
VFG002393,VFC0086
VFG002395,VFC0086
VFG002397,VFC0086
VFG002398,VFC0086
VFG002399,VFC0086
VFG002400,VFC0086
VFG002401,VFC0086
VFG002402,VFC0086
VFG002403,VFC0086
VFG007823,VFC0258
VFG007832,VFC0258
VFG007849,VFC0258
VFG007857,VFC0258
VFG007866,VFC0258
VFG007878,VFC0258
VFG007904,VFC0258
VFG007918,VFC0258
VFG007946,VFC0258
VFG007953,VFC0258
VFG007959,VFC0258
VFG007965,VFC0258
VFG007974,VFC0258
VFG007980,VFC0258
VFG007991,VFC0258
VFG007999,VFC0258
VFG008007,VFC0258
VFG008136,VFC0258
VFG009553,VFC0272
VFG009561,VFC0272
VFG009810,VFC0301
VFG009869,VFC0301
VFG021800,VFC0272
VFG021827,VFC0272
VFG021840,VFC0272
VFG021863,VFC0086
VFG021876,VFC0086
VFG021888,VFC0086
VFG021895,VFC0086
VFG021908,VFC0086
VFG022019,VFC0086
VFG022035,VFC0086
VFG022051,VFC0086
VFG022066,VFC0086
VFG022082,VFC0086
VFG022098,VFC0086
VFG022114,VFC0086
VFG022130,VFC0086
VFG022146,VFC0086
VFG022162,VFC0086
VFG022280,VFC0086
VFG022293,VFC0086
VFG022303,VFC0086
VFG022312,VFC0086
VFG022319,VFC0086
VFG022327,VFC0086
VFG022333,VFC0086
VFG022340,VFC0086
VFG024695,VFC0258
VFG024714,VFC0258
VFG024724,VFC0258
VFG024730,VFC0258
VFG024748,VFC0258
VFG024762,VFC0258
VFG024776,VFC0258
VFG024796,VFC0258
VFG024810,VFC0258
VFG030423,VFC0258
VFG030452,VFC0258
VFG030480,VFC0258
VFG031564,VFC0258
VFG031777,VFC0086
VFG031808,VFC0086
VFG031840,VFC0086
VFG031877,VFC0086
VFG050301,VFC0086
VFG052045,VFC0258
VFG052100,VFC0258
VFG052155,VFC0258
VFG052202,VFC0258
VFG052256,VFC0258
VFG002029,VFC0001
VFG002030,VFC0001
VFG002031,VFC0001
VFG002033,VFC0001
VFG002034,VFC0001
VFG002035,VFC0001
VFG002036,VFC0001
VFG016463,VFC0001
VFG016466,VFC0001
VFG016472,VFC0001
VFG016557,VFC0258
VFG043500,VFC0001
VFG043642,VFC0001
VFG043671,VFC0235
VFG046118,VFC0001
VFG046119,VFC0001
VFG046120,VFC0001
VFG000221,VFC0001
VFG000222,VFC0001
VFG000223,VFC0001
VFG000225,VFC0001
VFG000227,VFC0001
VFG000228,VFC0001
VFG000230,VFC0001
VFG000232,VFC0001
VFG000233,VFC0001
VFG000234,VFC0001
VFG000235,VFC0001
VFG000236,VFC0083
VFG000240,VFC0083
VFG000241,VFC0258
VFG000242,VFC0258
VFG000243,VFC0258
VFG000244,VFC0258
VFG000245,VFC0258
VFG000246,VFC0258
VFG000247,VFC0258
VFG000249,VFC0272
VFG000250,VFC0083
VFG000252,VFC0258
VFG000253,VFC0258
VFG000254,VFC0258
VFG000255,VFC0258
VFG000256,VFC0258
VFG000257,VFC0258
VFG000258,VFC0258
VFG000259,VFC0258
VFG000260,VFC0258
VFG000261,VFC0086
VFG000262,VFC0272
VFG000263,VFC0272
VFG000264,VFC0272
VFG000265,VFC0272
VFG000266,VFC0272
VFG000267,VFC0272
VFG000268,VFC0272
VFG001205,VFC0272
VFG001206,VFC0272
VFG006167,VFC0001
VFG006171,VFC0001
VFG006175,VFC0001
VFG006179,VFC0001
VFG006183,VFC0001
VFG006187,VFC0001
VFG006191,VFC0001
VFG006199,VFC0001
VFG006203,VFC0001
VFG006216,VFC0083
VFG006218,VFC0083
VFG006237,VFC0083
VFG006300,VFC0001
VFG006303,VFC0001
VFG036778,VFC0258
VFG036830,VFC0001
VFG036848,VFC0001
VFG036866,VFC0001
VFG036884,VFC0001
VFG036902,VFC0001
VFG036920,VFC0001
VFG036938,VFC0325
VFG036956,VFC0325
VFG036974,VFC0325
VFG036992,VFC0325
VFG037010,VFC0325
VFG037028,VFC0282
VFG037046,VFC0282
VFG037064,VFC0282
VFG037082,VFC0282
VFG037100,VFC0282
VFG037118,VFC0282
VFG037136,VFC0258
VFG037153,VFC0258
VFG000111,VFC0001
VFG000112,VFC0001
VFG000114,VFC0001
VFG000115,VFC0235
VFG000116,VFC0271
VFG000117,VFC0271
VFG000118,VFC0271
VFG000119,VFC0271
VFG000120,VFC0271
VFG000121,VFC0271
VFG000122,VFC0271
VFG000123,VFC0271
VFG000124,VFC0271
VFG000125,VFC0271
VFG000126,VFC0271
VFG000127,VFC0271
VFG000128,VFC0271
VFG000129,VFC0271
VFG000130,VFC0271
VFG000131,VFC0271
VFG000132,VFC0271
VFG000133,VFC0271
VFG000134,VFC0271
VFG000135,VFC0271
VFG000136,VFC0271
VFG000137,VFC0258
VFG000138,VFC0258
VFG000139,VFC0258
VFG000140,VFC0258
VFG000141,VFC0258
VFG000142,VFC0258
VFG000143,VFC0258
VFG000144,VFC0251
VFG000145,VFC0086
VFG000146,VFC0086
VFG000147,VFC0086
VFG000148,VFC0086
VFG000150,VFC0086
VFG000151,VFC0271
VFG000152,VFC0271
VFG000153,VFC0271
VFG000154,VFC0271
VFG000155,VFC0258
VFG000156,VFC0258
VFG000157,VFC0235
VFG000159,VFC0272
VFG000160,VFC0272
VFG000161,VFC0272
VFG000162,VFC0272
VFG000163,VFC0272
VFG000164,VFC0272
VFG000165,VFC0272
VFG000166,VFC0272
VFG000167,VFC0272
VFG000168,VFC0272
VFG000169,VFC0272
VFG000170,VFC0272
VFG000171,VFC0272
VFG000172,VFC0272
VFG000173,VFC0272
VFG000174,VFC0086
VFG000175,VFC0086
VFG000176,VFC0086
VFG000177,VFC0086
VFG000178,VFC0086
VFG000179,VFC0086
VFG000180,VFC0086
VFG000181,VFC0086
VFG000182,VFC0086
VFG000183,VFC0086
VFG000184,VFC0086
VFG000185,VFC0086
VFG000186,VFC0086
VFG000187,VFC0086
VFG000188,VFC0086
VFG000189,VFC0086
VFG000190,VFC0086
VFG000191,VFC0086
VFG000192,VFC0086
VFG000193,VFC0086
VFG000194,VFC0086
VFG000195,VFC0086
VFG000196,VFC0086
VFG000197,VFC0086
VFG000198,VFC0086
VFG000199,VFC0086
VFG000200,VFC0086
VFG000201,VFC0086
VFG000202,VFC0086
VFG000203,VFC0086
VFG000204,VFC0086
VFG000205,VFC0086
VFG000206,VFC0086
VFG000207,VFC0086
VFG000208,VFC0086
VFG000209,VFC0086
VFG000210,VFC0086
VFG000211,VFC0086
VFG000212,VFC0086
VFG000213,VFC0086
VFG000214,VFC0086
VFG000215,VFC0086
VFG000216,VFC0086
VFG000217,VFC0086
VFG000218,VFC0086
VFG000219,VFC0086
VFG000220,VFC0086
VFG001207,VFC0001
VFG001208,VFC0001
VFG001209,VFC0001
VFG001210,VFC0001
VFG001211,VFC0001
VFG001212,VFC0001
VFG001213,VFC0001
VFG001214,VFC0001
VFG001215,VFC0001
VFG001216,VFC0001
VFG001217,VFC0001
VFG001218,VFC0001
VFG001219,VFC0001
VFG001220,VFC0001
VFG001221,VFC0001
VFG001222,VFC0001
VFG001223,VFC0001
VFG001224,VFC0001
VFG001225,VFC0001
VFG001226,VFC0001
VFG001227,VFC0001
VFG001228,VFC0001
VFG001229,VFC0001
VFG001230,VFC0001
VFG001231,VFC0001
VFG001232,VFC0001
VFG001233,VFC0001
VFG001234,VFC0001
VFG001235,VFC0001
VFG001236,VFC0204
VFG001237,VFC0204
VFG001238,VFC0204
VFG001239,VFC0204
VFG001240,VFC0204
VFG001241,VFC0204
VFG001242,VFC0204
VFG001243,VFC0204
VFG001244,VFC0204
VFG001245,VFC0204
VFG001246,VFC0204
VFG001247,VFC0204
VFG001248,VFC0204
VFG001249,VFC0204
VFG001250,VFC0204
VFG001251,VFC0204
VFG001252,VFC0204
VFG001253,VFC0204
VFG001254,VFC0204
VFG001255,VFC0204
VFG001256,VFC0204
VFG001257,VFC0204
VFG001258,VFC0204
VFG001259,VFC0204
VFG001260,VFC0204
VFG001261,VFC0204
VFG001262,VFC0204
VFG001263,VFC0204
VFG001264,VFC0204
VFG001265,VFC0204
VFG001266,VFC0272
VFG001267,VFC0272
VFG001268,VFC0272
VFG002057,VFC0086
VFG002058,VFC0086
VFG002059,VFC0086
VFG002060,VFC0086
VFG002061,VFC0086
VFG002062,VFC0086
VFG002063,VFC0086
VFG002064,VFC0086
VFG002065,VFC0086
VFG002066,VFC0086
VFG002067,VFC0086
VFG002068,VFC0086
VFG002069,VFC0086
VFG002070,VFC0086
VFG002071,VFC0086
VFG002072,VFC0086
VFG002073,VFC0086
VFG002074,VFC0086
VFG002075,VFC0086
VFG002076,VFC0086
VFG002077,VFC0086
VFG013948,VFC0001
VFG014099,VFC0258
VFG014100,VFC0258
VFG014101,VFC0258
VFG014102,VFC0258
VFG014103,VFC0258
VFG014105,VFC0258
VFG014106,VFC0258
VFG014107,VFC0258
VFG014108,VFC0258
VFG014109,VFC0258
VFG014110,VFC0258
VFG014111,VFC0258
VFG014112,VFC0258
VFG014113,VFC0258
VFG014115,VFC0258
VFG014116,VFC0258
VFG014117,VFC0258
VFG014148,VFC0204
VFG014304,VFC0204
VFG014330,VFC0204
VFG014343,VFC0204
VFG014369,VFC0204
VFG014473,VFC0204
VFG014486,VFC0204
VFG014629,VFC0204
VFG014642,VFC0204
VFG014655,VFC0204
VFG014668,VFC0204
VFG014681,VFC0204
VFG014694,VFC0204
VFG014707,VFC0204
VFG014720,VFC0204
VFG014733,VFC0204
VFG014893,VFC0271
VFG014950,VFC0271
VFG014984,VFC0271
VFG014997,VFC0271
VFG015000,VFC0271
VFG015045,VFC0258
VFG015165,VFC0086
VFG015503,VFC0272
VFG015506,VFC0272
VFG015509,VFC0272
VFG015512,VFC0272
VFG015515,VFC0272
VFG015518,VFC0272
VFG015521,VFC0272
VFG015524,VFC0272
VFG015527,VFC0272
VFG015542,VFC0272
VFG015551,VFC0272
VFG015859,VFC0086
VFG015950,VFC0272
VFG015973,VFC0272
VFG015983,VFC0272
VFG015994,VFC0272
VFG016005,VFC0272
VFG016016,VFC0272
VFG016038,VFC0272
VFG016041,VFC0272
VFG016046,VFC0272
VFG016058,VFC0272
VFG016069,VFC0272
VFG016087,VFC0272
VFG041010,VFC0086
VFG041011,VFC0086
VFG041012,VFC0086
VFG041013,VFC0086
VFG041014,VFC0086
VFG041015,VFC0086
VFG041016,VFC0086
VFG041017,VFC0086
VFG041018,VFC0086
VFG041019,VFC0086
VFG041020,VFC0086
VFG041021,VFC0086
VFG041022,VFC0086
VFG041023,VFC0086
VFG041024,VFC0086
VFG041025,VFC0086
VFG041026,VFC0086
VFG041027,VFC0086
VFG041028,VFC0086
VFG041029,VFC0086
VFG041030,VFC0086
VFG041031,VFC0086
VFG041032,VFC0086
VFG041033,VFC0086
VFG041034,VFC0086
VFG041035,VFC0086
VFG041036,VFC0086
VFG041037,VFC0086
VFG041038,VFC0086
VFG041039,VFC0086
VFG041040,VFC0086
VFG041041,VFC0086
VFG041042,VFC0086
VFG041043,VFC0086
VFG041045,VFC0086
VFG041046,VFC0086
VFG041047,VFC0086
VFG042140,VFC0086
VFG042734,VFC0001
VFG042735,VFC0001
VFG042736,VFC0001
VFG042738,VFC0001
VFG042739,VFC0001
VFG043012,VFC0204
VFG043013,VFC0204
VFG043014,VFC0204
VFG043015,VFC0204
VFG043016,VFC0204
VFG043017,VFC0204
VFG043018,VFC0204
VFG043648,VFC0001
VFG044079,VFC0272
VFG044080,VFC0272
VFG044081,VFC0272
VFG044082,VFC0272
VFG044083,VFC0272
VFG044084,VFC0272
VFG044085,VFC0272
VFG044086,VFC0272
VFG044087,VFC0272
VFG044088,VFC0272
VFG044096,VFC0272
VFG044097,VFC0272
VFG044098,VFC0272
VFG049835,VFC0086
VFG049843,VFC0086
VFG050294,VFC0086
VFG050295,VFC0001
VFG050296,VFC0001
VFG050297,VFC0001
VFG050298,VFC0001
VFG050299,VFC0001
VFG050300,VFC0001
VFG051483,VFC0086
VFG051484,VFC0086
VFG051485,VFC0086
VFG051487,VFC0086
VFG051488,VFC0086
VFG039753,VFC0086
VFG039793,VFC0086
VFG039832,VFC0086
VFG039872,VFC0086
VFG039912,VFC0086
VFG039952,VFC0086
VFG039991,VFC0086
VFG040031,VFC0086
VFG040070,VFC0086
VFG040108,VFC0086
VFG040182,VFC0086
VFG040222,VFC0086
VFG040262,VFC0086
VFG040302,VFC0086
VFG040342,VFC0086
VFG040382,VFC0086
VFG040422,VFC0086
VFG040442,VFC0086
VFG040466,VFC0001
VFG040507,VFC0083
VFG040545,VFC0001
VFG040585,VFC0258
VFG040625,VFC0258
VFG040665,VFC0346
VFG040705,VFC0251
VFG040745,VFC0235
VFG040767,VFC0235
VFG040807,VFC0235
VFG040815,VFC0204
VFG040863,VFC0204
VFG000423,VFC0258
VFG000424,VFC0258
VFG000425,VFC0258
VFG000426,VFC0258
VFG000427,VFC0258
VFG000428,VFC0258
VFG000429,VFC0258
VFG000430,VFC0258
VFG000431,VFC0258
VFG000432,VFC0258
VFG000433,VFC0001
VFG000434,VFC0001
VFG000435,VFC0001
VFG000436,VFC0001
VFG000437,VFC0086
VFG000438,VFC0086
VFG000439,VFC0235
VFG000442,VFC0258
VFG000443,VFC0001
VFG000444,VFC0001
VFG000445,VFC0001
VFG000446,VFC0001
VFG000447,VFC0001
VFG000448,VFC0001
VFG000449,VFC0001
VFG000450,VFC0001
VFG000451,VFC0001
VFG000452,VFC0001
VFG000453,VFC0001
VFG000454,VFC0001
VFG000455,VFC0001
VFG000456,VFC0001
VFG000457,VFC0001
VFG000458,VFC0001
VFG000459,VFC0001
VFG000460,VFC0001
VFG000461,VFC0001
VFG000462,VFC0001
VFG000463,VFC0282
VFG000464,VFC0086
VFG000465,VFC0086
VFG000466,VFC0086
VFG000467,VFC0086
VFG000468,VFC0086
VFG000469,VFC0086
VFG000470,VFC0086
VFG000471,VFC0086
VFG000474,VFC0301
VFG000475,VFC0301
VFG000477,VFC0301
VFG000478,VFC0301
VFG000492,VFC0086
VFG000493,VFC0086
VFG000494,VFC0086
VFG000495,VFC0086
VFG000496,VFC0086
VFG000497,VFC0086
VFG000498,VFC0086
VFG000499,VFC0086
VFG000500,VFC0086
VFG000501,VFC0086
VFG000502,VFC0086
VFG000503,VFC0086
VFG000504,VFC0086
VFG000505,VFC0086
VFG000506,VFC0086
VFG000507,VFC0086
VFG000508,VFC0086
VFG000509,VFC0086
VFG000510,VFC0086
VFG000511,VFC0086
VFG000512,VFC0086
VFG000513,VFC0086
VFG000514,VFC0086
VFG000515,VFC0086
VFG000516,VFC0086
VFG000517,VFC0086
VFG000518,VFC0086
VFG000519,VFC0086
VFG000520,VFC0086
VFG000521,VFC0086
VFG000522,VFC0086
VFG000529,VFC0086
VFG000530,VFC0086
VFG000531,VFC0086
VFG000532,VFC0086
VFG000533,VFC0086
VFG000534,VFC0086
VFG000535,VFC0086
VFG000536,VFC0086
VFG000537,VFC0086
VFG000538,VFC0086
VFG000539,VFC0086
VFG000540,VFC0086
VFG000541,VFC0086
VFG000542,VFC0086
VFG000543,VFC0086
VFG000544,VFC0086
VFG000545,VFC0086
VFG000546,VFC0086
VFG000547,VFC0086
VFG000548,VFC0086
VFG000549,VFC0086
VFG000550,VFC0086
VFG000551,VFC0086
VFG000552,VFC0086
VFG000553,VFC0086
VFG000554,VFC0086
VFG000555,VFC0086
VFG000556,VFC0086
VFG000557,VFC0086
VFG000558,VFC0086
VFG000559,VFC0086
VFG000560,VFC0086
VFG000561,VFC0086
VFG000574,VFC0272
VFG000575,VFC0272
VFG000589,VFC0086
VFG002301,VFC0325
VFG002302,VFC0325
VFG002304,VFC0001
VFG002305,VFC0001
VFG002306,VFC0001
VFG002307,VFC0001
VFG003635,VFC0086
VFG003645,VFC0086
VFG003971,VFC0086
VFG003977,VFC0086
VFG003982,VFC0086
VFG003988,VFC0086
VFG003997,VFC0086
VFG004006,VFC0086
VFG004016,VFC0086
VFG004125,VFC0001
VFG020318,VFC0235
VFG020322,VFC0235
VFG020326,VFC0235
VFG041090,VFC0086
VFG041091,VFC0086
VFG041092,VFC0086
VFG041093,VFC0086
VFG041094,VFC0086
VFG041095,VFC0086
VFG041096,VFC0086
VFG041097,VFC0086
VFG041098,VFC0086
VFG041099,VFC0086
VFG041100,VFC0086
VFG041101,VFC0086
VFG041102,VFC0086
VFG041103,VFC0086
VFG041104,VFC0086
VFG041105,VFC0086
VFG041106,VFC0086
VFG041107,VFC0086
VFG041108,VFC0086
VFG041109,VFC0086
VFG041110,VFC0086
VFG041111,VFC0086
VFG041112,VFC0086
VFG041113,VFC0086
VFG041114,VFC0086
VFG042066,VFC0086
VFG042067,VFC0086
VFG042068,VFC0086
VFG042214,VFC0086
VFG042216,VFC0086
VFG050219,VFC0086
VFG052339,VFC0301
VFG052340,VFC0301
VFG000615,VFC0272
VFG000616,VFC0272
VFG000617,VFC0272
VFG000618,VFC0272
VFG000619,VFC0272
VFG000630,VFC0251
VFG000635,VFC0251
VFG000636,VFC0235
VFG000637,VFC0235
VFG000667,VFC0204
VFG000669,VFC0258
VFG000670,VFC0258
VFG000671,VFC0258
VFG000984,VFC0086
VFG000985,VFC0086
VFG000986,VFC0086
VFG000987,VFC0086
VFG000988,VFC0086
VFG000989,VFC0086
VFG000990,VFC0086
VFG000991,VFC0086
VFG000992,VFC0086
VFG000993,VFC0086
VFG000994,VFC0086
VFG000995,VFC0086
VFG000996,VFC0086
VFG000997,VFC0086
VFG000998,VFC0086
VFG000999,VFC0086
VFG001000,VFC0086
VFG001001,VFC0086
VFG001002,VFC0086
VFG001003,VFC0086
VFG001004,VFC0086
VFG001005,VFC0086
VFG001006,VFC0086
VFG001007,VFC0086
VFG001008,VFC0086
VFG001009,VFC0086
VFG001010,VFC0086
VFG001011,VFC0086
VFG001012,VFC0086
VFG001013,VFC0086
VFG001014,VFC0086
VFG001015,VFC0086
VFG001016,VFC0086
VFG001017,VFC0251
VFG001827,VFC0235
VFG001828,VFC0235
VFG001829,VFC0235
VFG002041,VFC0086
VFG002042,VFC0086
VFG002043,VFC0086
VFG002046,VFC0086
VFG002047,VFC0086
VFG002048,VFC0086
VFG002049,VFC0086
VFG002050,VFC0086
VFG002051,VFC0086
VFG002052,VFC0086
VFG002053,VFC0086
VFG002054,VFC0086
VFG002055,VFC0086
VFG012636,VFC0086
VFG012760,VFC0086
VFG012773,VFC0086
VFG012778,VFC0086
VFG012783,VFC0086
VFG012788,VFC0086
VFG012793,VFC0086
VFG012802,VFC0086
VFG012807,VFC0086
VFG012812,VFC0086
VFG012817,VFC0086
VFG012822,VFC0086
VFG012825,VFC0086
VFG012833,VFC0086
VFG012838,VFC0086
VFG012841,VFC0086
VFG012861,VFC0086
VFG012863,VFC0086
VFG012864,VFC0086
VFG012867,VFC0086
VFG013063,VFC0272
VFG013064,VFC0272
VFG013065,VFC0272
VFG013067,VFC0272
VFG013068,VFC0272
VFG013069,VFC0272
VFG013070,VFC0272
VFG041905,VFC0086
VFG042215,VFC0086
VFG042325,VFC0086
VFG049898,VFC0086
VFG049899,VFC0086
VFG049902,VFC0086
VFG049903,VFC0086
VFG049905,VFC0086
VFG049908,VFC0086
VFG049909,VFC0086
VFG049910,VFC0086
VFG049911,VFC0086
VFG049914,VFC0086
VFG049915,VFC0086
VFG049916,VFC0086
VFG049917,VFC0086
VFG001273,VFC0235
VFG001274,VFC0235
VFG001275,VFC0235
VFG001276,VFC0235
VFG001277,VFC0235
VFG001278,VFC0001
VFG001279,VFC0001
VFG001280,VFC0001
VFG001281,VFC0001
VFG001282,VFC0001
VFG001283,VFC0001
VFG001284,VFC0271
VFG001285,VFC0271
VFG001286,VFC0271
VFG001287,VFC0271
VFG001288,VFC0271
VFG001289,VFC0001
VFG001290,VFC0001
VFG001291,VFC0001
VFG001292,VFC0235
VFG001293,VFC0235
VFG001294,VFC0251
VFG001295,VFC0251
VFG001296,VFC0251
VFG001298,VFC0258
VFG001299,VFC0258
VFG001300,VFC0258
VFG001301,VFC0258
VFG001302,VFC0258
VFG001303,VFC0258
VFG001304,VFC0258
VFG001305,VFC0258
VFG001306,VFC0258
VFG001307,VFC0258
VFG001308,VFC0258
VFG001309,VFC0258
VFG001310,VFC0258
VFG001311,VFC0258
VFG001312,VFC0258
VFG001313,VFC0235
VFG001314,VFC0251
VFG001315,VFC0251
VFG001316,VFC0251
VFG001317,VFC0272
VFG001318,VFC0272
VFG001319,VFC0272
VFG001321,VFC0272
VFG001324,VFC0272
VFG001325,VFC0235
VFG001326,VFC0235
VFG001327,VFC0235
VFG001328,VFC0251
VFG001798,VFC0235
VFG001800,VFC0251
VFG001801,VFC0251
VFG001802,VFC0235
VFG001803,VFC0235
VFG001809,VFC0235
VFG002404,VFC0086
VFG002405,VFC0086
VFG002406,VFC0086
VFG002407,VFC0086
VFG002408,VFC0086
VFG002409,VFC0086
VFG002410,VFC0086
VFG002411,VFC0086
VFG002418,VFC0251
VFG002419,VFC0251
VFG002420,VFC0258
VFG002421,VFC0258
VFG002422,VFC0258
VFG004566,VFC0001
VFG004773,VFC0251
VFG004903,VFC0235
VFG004906,VFC0235
VFG004909,VFC0235
VFG004912,VFC0235
VFG004915,VFC0235
VFG004917,VFC0235
VFG004920,VFC0235
VFG004922,VFC0235
VFG004925,VFC0235
VFG004928,VFC0235
VFG004931,VFC0235
VFG004991,VFC0235
VFG005009,VFC0235
VFG044266,VFC0272
VFG044268,VFC0272
VFG044269,VFC0272
VFG044442,VFC0272
VFG044443,VFC0272
VFG049701,VFC0086
VFG049714,VFC0086
VFG049727,VFC0086
VFG049739,VFC0086
VFG049753,VFC0086
VFG049767,VFC0086
VFG049780,VFC0086
VFG049793,VFC0086
VFG049805,VFC0086
VFG049814,VFC0086
VFG049820,VFC0086
VFG049826,VFC0086
VFG049876,VFC0258
VFG000952,VFC0235
VFG000960,VFC0346
VFG000961,VFC0258
VFG000962,VFC0258
VFG000963,VFC0258
VFG000964,VFC0258
VFG000968,VFC0258
VFG000969,VFC0251
VFG000970,VFC0251
VFG000971,VFC0251
VFG000972,VFC0258
VFG000973,VFC0251
VFG000974,VFC0001
VFG000975,VFC0251
VFG000976,VFC0235
VFG000977,VFC0235
VFG000978,VFC0235
VFG000979,VFC0235
VFG000980,VFC0235
VFG000981,VFC0235
VFG000982,VFC0235
VFG001353,VFC0001
VFG001354,VFC0001
VFG001355,VFC0251
VFG001357,VFC0001
VFG001358,VFC0251
VFG001359,VFC0272
VFG001360,VFC0251
VFG001361,VFC0258
VFG001362,VFC0258
VFG001363,VFC0235
VFG001364,VFC0251
VFG001365,VFC0258
VFG001366,VFC0258
VFG001367,VFC0258
VFG001368,VFC0258
VFG001369,VFC0258
VFG001370,VFC0258
VFG001371,VFC0258
VFG001372,VFC0258
VFG001373,VFC0258
VFG001374,VFC0258
VFG001375,VFC0258
VFG001376,VFC0258
VFG001795,VFC0258
VFG001796,VFC0001
VFG001797,VFC0001
VFG005163,VFC0001
VFG005168,VFC0001
VFG005173,VFC0001
VFG005185,VFC0001
VFG005197,VFC0001
VFG005201,VFC0001
VFG005206,VFC0001
VFG005215,VFC0001
VFG005230,VFC0001
VFG005277,VFC0001
VFG005280,VFC0001
VFG005283,VFC0001
VFG005286,VFC0001
VFG005289,VFC0001
VFG005291,VFC0001
VFG005293,VFC0001
VFG005295,VFC0001
VFG005297,VFC0001
VFG005299,VFC0001
VFG005301,VFC0001
VFG005303,VFC0001
VFG005305,VFC0001
VFG005307,VFC0001
VFG005308,VFC0001
VFG005310,VFC0001
VFG005361,VFC0001
VFG005486,VFC0258
VFG005584,VFC0251
VFG005586,VFC0251
VFG005757,VFC0235
VFG005760,VFC0235
VFG005763,VFC0235
VFG005766,VFC0235
VFG005769,VFC0235
VFG005772,VFC0235
VFG005775,VFC0235
VFG005778,VFC0235
VFG005781,VFC0235
VFG005784,VFC0235
VFG005787,VFC0235
VFG005790,VFC0235
VFG005793,VFC0235
VFG005800,VFC0083
VFG005834,VFC0258
VFG005858,VFC0258
VFG005882,VFC0258
VFG005894,VFC0258
VFG005906,VFC0258
VFG005918,VFC0258
VFG005930,VFC0258
VFG005942,VFC0258
VFG005954,VFC0258
VFG005957,VFC0258
VFG005966,VFC0258
VFG005969,VFC0258
VFG005978,VFC0258
VFG005981,VFC0258
VFG005990,VFC0258
VFG006002,VFC0258
VFG006013,VFC0258
VFG006024,VFC0258
VFG006034,VFC0258
VFG042967,VFC0001
VFG042968,VFC0001
VFG042969,VFC0001
VFG042970,VFC0001
VFG042972,VFC0001
VFG042973,VFC0001
VFG042974,VFC0001
VFG043465,VFC0001
VFG043504,VFC0001
VFG000088,VFC0001
VFG000089,VFC0001
VFG000090,VFC0001
VFG000091,VFC0001
VFG000092,VFC0001
VFG000093,VFC0001
VFG000094,VFC0001
VFG000095,VFC0001
VFG000096,VFC0001
VFG000097,VFC0001
VFG000098,VFC0001
VFG000099,VFC0001
VFG000100,VFC0001
VFG000101,VFC0001
VFG000102,VFC0001
VFG000103,VFC0346
VFG000104,VFC0346
VFG000105,VFC0346
VFG000106,VFC0346
VFG000107,VFC0235
VFG000108,VFC0235
VFG000109,VFC0235
VFG000110,VFC0235
VFG000983,VFC0235
VFG001117,VFC0251
VFG002078,VFC0086
VFG002079,VFC0086
VFG002080,VFC0086
VFG002081,VFC0086
VFG002082,VFC0086
VFG002083,VFC0086
VFG002084,VFC0086
VFG002085,VFC0086
VFG002086,VFC0086
VFG002087,VFC0086
VFG002088,VFC0086
VFG002089,VFC0086
VFG002090,VFC0086
VFG002091,VFC0086
VFG002092,VFC0086
VFG002093,VFC0086
VFG002094,VFC0086
VFG006896,VFC0001
VFG006902,VFC0001
VFG006908,VFC0001
VFG006914,VFC0001
VFG006920,VFC0001
VFG006926,VFC0001
VFG006932,VFC0001
VFG006938,VFC0001
VFG006944,VFC0001
VFG006950,VFC0001
VFG006956,VFC0001
VFG006962,VFC0001
VFG006968,VFC0001
VFG006974,VFC0001
VFG006980,VFC0001
VFG006986,VFC0001
VFG006992,VFC0001
VFG006998,VFC0001
VFG007020,VFC0235
VFG007023,VFC0235
VFG007027,VFC0235
VFG007031,VFC0235
VFG007032,VFC0235
VFG007035,VFC0235
VFG007038,VFC0235
VFG007041,VFC0235
VFG007043,VFC0086
VFG007049,VFC0086
VFG007055,VFC0086
VFG007061,VFC0086
VFG007067,VFC0086
VFG007073,VFC0086
VFG007079,VFC0086
VFG007085,VFC0086
VFG007091,VFC0086
VFG007097,VFC0086
VFG007103,VFC0086
VFG007109,VFC0086
VFG007136,VFC0086
VFG007140,VFC0086
VFG007142,VFC0086
VFG007146,VFC0086
VFG007147,VFC0086
VFG007148,VFC0086
VFG007149,VFC0086
VFG007150,VFC0086
VFG007151,VFC0086
VFG007152,VFC0086
VFG007153,VFC0086
VFG007154,VFC0086
VFG007155,VFC0086
VFG007156,VFC0086
VFG007157,VFC0086
VFG007158,VFC0086
VFG007159,VFC0086
VFG007160,VFC0086
VFG007161,VFC0086
VFG007162,VFC0086
VFG007163,VFC0086
VFG007164,VFC0086
VFG007165,VFC0086
VFG007166,VFC0086
VFG007167,VFC0086
VFG007168,VFC0086
VFG007169,VFC0086
VFG007170,VFC0086
VFG007171,VFC0086
VFG007172,VFC0086
VFG007173,VFC0086
VFG007174,VFC0086
VFG007175,VFC0086
VFG007176,VFC0086
VFG007177,VFC0086
VFG007178,VFC0086
VFG007179,VFC0086
VFG007180,VFC0086
VFG007181,VFC0086
VFG007182,VFC0086
VFG007183,VFC0086
VFG007184,VFC0086
VFG007185,VFC0086
VFG007186,VFC0086
VFG007187,VFC0086
VFG007188,VFC0086
VFG007189,VFC0086
VFG007190,VFC0086
VFG007191,VFC0086
VFG007192,VFC0086
VFG007193,VFC0086
VFG007194,VFC0086
VFG007195,VFC0086
VFG007280,VFC0251
VFG007286,VFC0204
VFG007292,VFC0204
VFG007298,VFC0204
VFG007304,VFC0204
VFG007310,VFC0204
VFG007316,VFC0204
VFG007322,VFC0204
VFG007328,VFC0204
VFG007334,VFC0204
VFG007340,VFC0204
VFG007346,VFC0204
VFG007352,VFC0204
VFG007358,VFC0204
VFG007364,VFC0204
VFG007370,VFC0204
VFG007376,VFC0204
VFG007382,VFC0204
VFG007388,VFC0204
VFG007394,VFC0204
VFG007400,VFC0204
VFG007406,VFC0204
VFG007412,VFC0204
VFG007418,VFC0204
VFG007424,VFC0204
VFG007430,VFC0204
VFG007436,VFC0204
VFG007442,VFC0204
VFG007448,VFC0204
VFG007454,VFC0204
VFG007460,VFC0204
VFG007466,VFC0204
VFG007472,VFC0204
VFG007478,VFC0204
VFG007484,VFC0204
VFG007490,VFC0204
VFG007496,VFC0204
VFG007502,VFC0204
VFG007508,VFC0204
VFG007514,VFC0204
VFG007520,VFC0204
VFG007526,VFC0204
VFG007532,VFC0204
VFG007538,VFC0204
VFG007544,VFC0204
VFG007550,VFC0204
VFG007556,VFC0204
VFG007562,VFC0204
VFG007568,VFC0204
VFG007574,VFC0204
VFG007580,VFC0204
VFG007586,VFC0204
VFG007592,VFC0204
VFG007598,VFC0204
VFG007604,VFC0204
VFG007610,VFC0204
VFG007616,VFC0204
VFG018238,VFC0271
VFG018241,VFC0271
VFG018679,VFC0086
VFG018680,VFC0086
VFG018681,VFC0086
VFG018682,VFC0086
VFG040944,VFC0086
VFG040945,VFC0086
VFG041906,VFC0086
VFG041907,VFC0086
VFG041908,VFC0086
VFG041909,VFC0086
VFG041910,VFC0086
VFG041911,VFC0086
VFG041912,VFC0086
VFG043121,VFC0204
VFG043122,VFC0204
VFG043123,VFC0204
VFG043487,VFC0001
VFG043577,VFC0001
VFG043629,VFC0001
VFG043630,VFC0001
VFG043631,VFC0001
VFG043632,VFC0001
VFG043633,VFC0001
VFG043634,VFC0001
VFG043635,VFC0001
VFG043636,VFC0001
VFG043637,VFC0001
VFG043638,VFC0001
VFG043639,VFC0001
VFG043640,VFC0001
VFG043673,VFC0235
VFG044044,VFC0235
VFG044465,VFC0086
VFG044466,VFC0086
VFG044467,VFC0086
VFG044468,VFC0086
VFG044469,VFC0086
VFG044470,VFC0086
VFG045345,VFC0001
VFG045346,VFC0001
VFG049918,VFC0001
VFG050274,VFC0271
VFG050275,VFC0271
VFG050276,VFC0271
VFG050277,VFC0271
VFG050278,VFC0271
VFG050279,VFC0271
VFG050280,VFC0271
VFG050281,VFC0271
VFG050282,VFC0271
VFG050283,VFC0271
VFG050284,VFC0271
VFG050285,VFC0271
VFG050286,VFC0271
VFG050287,VFC0271
VFG052341,VFC0235
VFG052342,VFC0235
VFG000349,VFC0001
VFG000350,VFC0001
VFG000351,VFC0001
VFG000352,VFC0001
VFG000353,VFC0001
VFG000354,VFC0083
VFG000358,VFC0272
VFG000359,VFC0272
VFG000360,VFC0272
VFG000361,VFC0272
VFG000362,VFC0272
VFG000363,VFC0272
VFG000364,VFC0272
VFG000365,VFC0272
VFG000366,VFC0272
VFG000367,VFC0272
VFG000368,VFC0272
VFG000372,VFC0086
VFG000373,VFC0086
VFG000374,VFC0086
VFG000375,VFC0086
VFG000376,VFC0086
VFG000377,VFC0086
VFG000378,VFC0086
VFG000379,VFC0086
VFG000380,VFC0086
VFG000381,VFC0086
VFG000382,VFC0086
VFG000383,VFC0086
VFG000384,VFC0086
VFG000385,VFC0086
VFG000386,VFC0086
VFG000387,VFC0086
VFG000388,VFC0086
VFG000389,VFC0086
VFG000390,VFC0086
VFG000391,VFC0086
VFG000392,VFC0086
VFG000393,VFC0086
VFG000394,VFC0086
VFG000395,VFC0086
VFG000396,VFC0086
VFG000397,VFC0086
VFG000398,VFC0086
VFG000399,VFC0086
VFG000400,VFC0086
VFG000401,VFC0086
VFG000402,VFC0086
VFG000403,VFC0086
VFG000404,VFC0086
VFG000405,VFC0086
VFG000406,VFC0086
VFG000407,VFC0086
VFG000408,VFC0086
VFG000409,VFC0086
VFG000410,VFC0086
VFG000411,VFC0086
VFG000412,VFC0086
VFG000413,VFC0086
VFG000414,VFC0086
VFG000415,VFC0086
VFG000416,VFC0086
VFG000417,VFC0251
VFG000418,VFC0258
VFG000419,VFC0258
VFG000420,VFC0258
VFG000421,VFC0258
VFG000422,VFC0235
VFG002155,VFC0235
VFG002156,VFC0235
VFG002318,VFC0204
VFG002319,VFC0204
VFG002320,VFC0204
VFG002321,VFC0204
VFG002322,VFC0204
VFG002323,VFC0204
VFG002324,VFC0204
VFG002325,VFC0204
VFG002326,VFC0204
VFG002327,VFC0204
VFG002328,VFC0204
VFG002329,VFC0204
VFG002330,VFC0204
VFG002331,VFC0204
VFG002332,VFC0204
VFG002333,VFC0204
VFG002334,VFC0204
VFG002335,VFC0204
VFG002336,VFC0204
VFG002337,VFC0204
VFG002338,VFC0204
VFG002339,VFC0204
VFG002340,VFC0204
VFG002341,VFC0204
VFG002342,VFC0204
VFG002343,VFC0204
VFG002344,VFC0204
VFG002345,VFC0204
VFG002346,VFC0204
VFG002347,VFC0204
VFG002348,VFC0204
VFG002349,VFC0204
VFG002350,VFC0204
VFG002351,VFC0204
VFG002352,VFC0204
VFG002353,VFC0204
VFG002354,VFC0204
VFG002355,VFC0204
VFG002356,VFC0204
VFG002357,VFC0204
VFG002358,VFC0204
VFG002359,VFC0204
VFG002360,VFC0258
VFG002361,VFC0258
VFG002362,VFC0258
VFG002363,VFC0258
VFG002364,VFC0258
VFG002365,VFC0258
VFG002366,VFC0258
VFG002367,VFC0258
VFG002368,VFC0258
VFG002369,VFC0258
VFG002370,VFC0258
VFG002371,VFC0258
VFG002372,VFC0258
VFG002373,VFC0258
VFG002374,VFC0258
VFG002375,VFC0258
VFG002376,VFC0258
VFG002377,VFC0258
VFG003454,VFC0086
VFG003496,VFC0083
VFG003510,VFC0086
VFG003511,VFC0086
VFG003512,VFC0086
VFG003513,VFC0086
VFG003514,VFC0086
VFG003515,VFC0086
VFG003516,VFC0086
VFG003517,VFC0086
VFG003518,VFC0086
VFG003519,VFC0086
VFG003520,VFC0086
VFG003521,VFC0086
VFG003522,VFC0086
VFG003523,VFC0086
VFG003524,VFC0086
VFG003525,VFC0086
VFG003526,VFC0086
VFG003527,VFC0086
VFG003528,VFC0086
VFG003529,VFC0086
VFG003530,VFC0086
VFG003531,VFC0086
VFG003532,VFC0086
VFG003533,VFC0086
VFG003534,VFC0086
VFG003535,VFC0086
VFG003536,VFC0086
VFG003537,VFC0086
VFG003538,VFC0086
VFG003539,VFC0086
VFG003540,VFC0086
VFG003559,VFC0086
VFG003560,VFC0086
VFG003561,VFC0086
VFG003562,VFC0086
VFG003563,VFC0086
VFG003564,VFC0086
VFG003565,VFC0086
VFG003566,VFC0086
VFG003567,VFC0086
VFG003568,VFC0086
VFG003569,VFC0086
VFG003570,VFC0086
VFG003571,VFC0086
VFG003624,VFC0235
VFG013561,VFC0001
VFG013647,VFC0083
VFG013648,VFC0083
VFG013649,VFC0001
VFG013650,VFC0001
VFG013651,VFC0001
VFG013652,VFC0001
VFG013653,VFC0001
VFG013654,VFC0001
VFG013655,VFC0001
VFG013656,VFC0001
VFG013657,VFC0001
VFG013658,VFC0001
VFG013659,VFC0001
VFG013660,VFC0001
VFG013661,VFC0001
VFG013662,VFC0001
VFG013663,VFC0001
VFG017841,VFC0001
VFG017842,VFC0001
VFG017843,VFC0001
VFG017844,VFC0001
VFG017845,VFC0001
VFG017846,VFC0001
VFG017847,VFC0001
VFG017848,VFC0001
VFG017849,VFC0001
VFG017850,VFC0001
VFG017851,VFC0001
VFG017852,VFC0001
VFG017853,VFC0001
VFG017854,VFC0001
VFG017885,VFC0235
VFG019014,VFC0235
VFG041725,VFC0086
VFG041726,VFC0086
VFG041727,VFC0086
VFG041728,VFC0086
VFG041729,VFC0086
VFG041730,VFC0086
VFG041731,VFC0086
VFG041732,VFC0086
VFG042311,VFC0001
VFG042312,VFC0001
VFG043205,VFC0204
VFG043206,VFC0204
VFG043207,VFC0204
VFG043208,VFC0204
VFG043209,VFC0204
VFG043210,VFC0204
VFG043211,VFC0204
VFG043212,VFC0204
VFG043213,VFC0204
VFG045342,VFC0001
VFG045343,VFC0001
VFG045344,VFC0001
VFG045347,VFC0235
VFG045348,VFC0235
VFG048215,VFC0083
