VF GID,VF Cate Code
VFG037176,0
VFG037177,0
VFG037203,0
VFG037218,1
VFG037232,1
VFG037246,1
VFG037260,1
VFG037274,1
VFG037288,1
VFG037302,1
VFG037316,1
VFG037330,1
VFG037344,1
VFG037358,1
VFG037372,1
VFG037386,1
VFG037400,1
VFG037414,1
VFG037428,1
VFG037442,1
VFG037456,1
VFG037470,1
VFG037482,1
VFG037490,1
VFG037497,1
VFG037505,1
VFG037513,1
VFG037521,1
VFG037529,1
VFG037537,1
VFG037547,1
VFG037560,2
VFG037586,2
VFG037599,2
VFG037612,2
VFG037625,2
VFG037638,2
VFG037664,2
VFG037678,2
VFG037692,2
VFG037705,2
VFG037720,2
VFG037735,2
VFG037747,3
VFG037762,3
VFG037777,3
VFG037792,3
VFG037807,3
VFG037822,3
VFG037837,3
VFG037852,3
VFG037867,3
VFG037882,3
VFG037897,3
VFG037912,3
VFG037927,3
VFG037942,3
VFG037957,3
VFG037972,3
VFG037987,3
VFG038002,3
VFG038017,3
VFG038047,3
VFG038062,3
VFG038091,3
VFG038105,3
VFG038119,3
VFG038132,3
VFG038144,3
VFG038155,3
VFG038176,3
VFG038191,2
VFG038205,2
VFG038249,3
VFG050303,4
VFG050313,4
VFG050328,4
VFG050342,4
VFG050357,4
VFG050372,4
VFG050386,4
VFG050400,4
VFG050414,4
VFG050428,4
VFG050443,4
VFG050457,4
VFG050470,4
VFG050484,4
VFG050499,4
VFG050514,4
VFG050527,4
VFG050540,4
VFG050554,4
VFG050567,4
VFG050581,4
VFG050595,4
VFG050610,4
VFG050625,4
VFG050640,4
VFG050655,4
VFG050670,4
VFG050685,4
VFG050699,4
VFG050712,5
VFG050727,5
VFG050742,5
VFG050757,5
VFG050772,5
VFG050787,5
VFG050802,5
VFG050817,5
VFG050832,5
VFG050860,5
VFG050874,5
VFG050889,5
VFG050901,6
VFG050910,5
VFG050911,5
VFG050912,5
VFG050946,5
VFG050959,5
VFG050972,5
VFG050986,5
VFG051000,5
VFG051014,5
VFG051028,5
VFG051042,5
VFG051056,5
VFG051070,5
VFG051084,5
VFG051098,5
VFG051109,5
VFG051110,5
VFG051111,5
VFG051112,5
VFG038261,5
VFG038265,5
VFG038269,5
VFG038273,5
VFG038277,5
VFG038281,5
VFG038285,5
VFG038289,5
VFG038293,5
VFG038297,5
VFG038301,5
VFG038305,5
VFG038309,5
VFG038313,5
VFG038317,4
VFG038320,5
VFG038321,5
VFG038322,5
VFG038323,5
VFG038324,5
VFG038325,5
VFG038326,5
VFG038327,5
VFG038328,5
VFG038329,5
VFG038330,5
VFG038331,5
VFG038332,5
VFG038333,5
VFG038334,5
VFG038335,5
VFG038336,5
VFG038337,5
VFG038338,5
VFG038339,5
VFG038340,5
VFG038341,5
VFG038342,5
VFG038343,5
VFG038344,5
VFG038345,5
VFG038346,5
VFG038347,5
VFG038348,5
VFG038349,5
VFG038350,5
VFG038351,5
VFG038352,5
VFG038353,5
VFG038354,5
VFG038355,5
VFG038357,5
VFG038358,5
VFG038359,5
VFG038360,5
VFG038361,5
VFG038362,5
VFG038363,5
VFG038364,5
VFG038365,5
VFG038367,5
VFG038369,5
VFG038371,5
VFG038373,5
VFG038374,5
VFG038375,5
VFG038376,5
VFG038378,5
VFG038380,5
VFG038381,5
VFG038383,5
VFG038385,5
VFG038387,5
VFG038389,5
VFG038391,5
VFG038393,5
VFG038395,5
VFG038397,5
VFG038399,5
VFG038401,5
VFG038402,5
VFG038403,5
VFG038405,5
VFG038407,5
VFG038409,4
VFG038413,4
VFG038417,4
VFG038421,4
VFG038425,4
VFG038429,4
VFG038432,4
VFG038436,4
VFG038444,4
VFG038448,4
VFG038452,4
VFG038456,4
VFG038460,4
VFG038464,4
VFG038468,4
VFG038472,4
VFG038476,4
VFG038480,4
VFG038488,4
VFG038493,4
VFG038497,4
VFG038501,4
VFG038505,4
VFG038509,4
VFG038513,4
VFG038517,4
VFG038521,4
VFG038525,4
VFG038529,4
VFG038533,4
VFG038537,4
VFG038541,4
VFG038545,4
VFG038549,4
VFG038553,4
VFG038557,4
VFG038561,4
VFG038564,4
VFG038568,4
VFG038572,4
VFG038576,4
VFG038578,4
VFG038581,4
VFG038584,4
VFG038587,4
VFG038590,4
VFG038593,4
VFG038596,4
VFG038600,4
VFG038603,4
VFG038607,4
VFG038611,4
VFG038615,4
VFG038619,7
VFG038623,7
VFG038627,7
VFG038631,7
VFG038635,7
VFG038639,7
VFG038643,7
VFG038647,7
VFG038651,7
VFG038655,7
VFG038659,7
VFG038663,7
VFG038667,7
VFG038671,7
VFG038675,7
VFG038679,7
VFG038683,7
VFG038687,7
VFG038691,7
VFG038695,7
VFG038699,7
VFG038703,7
VFG038707,7
VFG038711,7
VFG038715,7
VFG038719,7
VFG038723,7
VFG038727,7
VFG038731,7
VFG038740,7
VFG038743,7
VFG038747,7
VFG038753,7
VFG038756,7
VFG038760,7
VFG038764,7
VFG038768,7
VFG038772,7
VFG038776,7
VFG038780,7
VFG038784,7
VFG038788,7
VFG038792,7
VFG038796,7
VFG038800,7
VFG038804,7
VFG038808,7
VFG038812,7
VFG038816,7
VFG038820,7
VFG038824,7
VFG038828,7
VFG038832,7
VFG038836,7
VFG038840,7
VFG038845,7
VFG038848,7
VFG038851,7
VFG038855,7
VFG038856,7
VFG038857,7
VFG038858,7
VFG038859,7
VFG038860,7
VFG038861,7
VFG038862,7
VFG038863,7
VFG038864,7
VFG038865,7
VFG038866,7
VFG038867,7
VFG038868,7
VFG038869,7
VFG038870,7
VFG038871,7
VFG038872,7
VFG038873,7
VFG038874,7
VFG038875,7
VFG038876,7
VFG038877,7
VFG038878,7
VFG038879,7
VFG038880,7
VFG038881,7
VFG038882,7
VFG038883,7
VFG038884,7
VFG038885,7
VFG038886,7
VFG038887,7
VFG038888,7
VFG038889,7
VFG038890,7
VFG038892,0
VFG038912,0
VFG038914,0
VFG038915,0
VFG038916,0
VFG038917,0
VFG038918,0
VFG038922,5
VFG038929,5
VFG038936,5
VFG038943,5
VFG038950,5
VFG038957,5
VFG038964,5
VFG038972,5
VFG038979,5
VFG038986,5
VFG038993,5
VFG038997,5
VFG039001,5
VFG039005,5
VFG039009,5
VFG039014,5
VFG039018,5
VFG039025,5
VFG039032,5
VFG039039,5
VFG039046,5
VFG039053,5
VFG039059,5
VFG039063,5
VFG039070,5
VFG039077,8
VFG039084,8
VFG039088,8
VFG045355,3
VFG045357,3
VFG045360,3
VFG045361,3
VFG045362,3
VFG045365,3
VFG045368,3
VFG045369,3
VFG045370,3
VFG045372,3
VFG045373,3
VFG045374,3
VFG045375,3
VFG045376,3
VFG045377,3
VFG045378,3
VFG045379,3
VFG045381,3
VFG045383,3
VFG045384,3
VFG045385,3
VFG045386,3
VFG045387,3
VFG045388,3
VFG045390,3
VFG045391,3
VFG045393,3
VFG045395,3
VFG045396,3
VFG045400,3
VFG045402,3
VFG045403,3
VFG045407,3
VFG045408,3
VFG045409,3
VFG045411,3
VFG045413,3
VFG045414,3
VFG045418,3
VFG045424,3
VFG045425,3
VFG045426,3
VFG045428,3
VFG045431,3
VFG045432,3
VFG045437,3
VFG045438,3
VFG045439,3
VFG045440,3
VFG045441,3
VFG045452,3
VFG045453,3
VFG045454,3
VFG045462,3
VFG045463,3
VFG045469,3
VFG000676,0
VFG000677,0
VFG000678,0
VFG000679,3
VFG000680,3
VFG000681,3
VFG000682,3
VFG002040,9
VFG016216,0
VFG016223,0
VFG016254,0
VFG016260,0
VFG016263,0
VFG016270,0
VFG016278,0
VFG016286,0
VFG016338,6
VFG016346,6
VFG016356,1
VFG016362,1
VFG040864,5
VFG040865,5
VFG040867,5
VFG040868,5
VFG049919,4
VFG049956,1
VFG049962,1
VFG049968,1
VFG049974,1
VFG049980,1
VFG049986,1
VFG049994,1
VFG050005,1
VFG050016,1
VFG050027,1
VFG050038,1
VFG050111,0
VFG050112,0
VFG050113,0
VFG050114,0
VFG050115,0
VFG050116,0
VFG050117,0
VFG050118,0
VFG002231,5
VFG002232,5
VFG002233,5
VFG002234,5
VFG002235,5
VFG002236,5
VFG002237,5
VFG002238,5
VFG002239,5
VFG002240,5
VFG002241,5
VFG002242,5
VFG002243,5
VFG002244,5
VFG002245,5
VFG002246,5
VFG002247,5
VFG002248,5
VFG002249,5
VFG002250,5
VFG002251,5
VFG002252,5
VFG002253,5
VFG002254,5
VFG002255,5
VFG002256,5
VFG002257,5
VFG002258,5
VFG002259,5
VFG002260,5
VFG002261,5
VFG002262,5
VFG002263,5
VFG002264,5
VFG002265,5
VFG002266,5
VFG002267,5
VFG002268,5
VFG002269,5
VFG002270,4
VFG016757,7
VFG016758,7
VFG016759,7
VFG016760,7
VFG016761,7
VFG016762,7
VFG016763,7
VFG016764,7
VFG016765,7
VFG016766,7
VFG016767,7
VFG016768,7
VFG016769,7
VFG016770,7
VFG016771,7
VFG016772,7
VFG016773,7
VFG016774,7
VFG016775,7
VFG016776,7
VFG016777,7
VFG016778,7
VFG016779,7
VFG016780,7
VFG016781,7
VFG016782,7
VFG016783,7
VFG016784,7
VFG016802,5
VFG018683,5
VFG041370,5
VFG052292,3
VFG052296,3
VFG052300,3
VFG052304,3
VFG052308,3
VFG052312,3
VFG052316,3
VFG052320,3
VFG052324,3
VFG052328,3
VFG052332,3
VFG052336,3
VFG000001,4
VFG000002,4
VFG000003,4
VFG000004,4
VFG000005,4
VFG000007,4
VFG000008,4
VFG000009,4
VFG000010,4
VFG000011,0
VFG000012,0
VFG000013,0
VFG000014,0
VFG000015,0
VFG000025,0
VFG000026,0
VFG000027,3
VFG000028,3
VFG000029,3
VFG000030,3
VFG000031,3
VFG000032,3
VFG000033,3
VFG000034,3
VFG000035,3
VFG000036,3
VFG000037,3
VFG000038,3
VFG000039,5
VFG000040,5
VFG000041,5
VFG000042,5
VFG000043,5
VFG000044,5
VFG000045,5
VFG000046,5
VFG000047,5
VFG000048,5
VFG000049,5
VFG000050,5
VFG000051,5
VFG000052,5
VFG000053,5
VFG000054,5
VFG000055,5
VFG000056,5
VFG000057,5
VFG000058,5
VFG000059,5
VFG000060,5
VFG000061,5
VFG000062,5
VFG000063,5
VFG000064,5
VFG000065,5
VFG000066,5
VFG000067,5
VFG000158,0
VFG001269,0
VFG001270,0
VFG001271,0
VFG001272,4
VFG002044,9
VFG002045,9
VFG011072,5
VFG011087,5
VFG042069,5
VFG042070,5
VFG042071,5
VFG042072,5
VFG042075,5
VFG046121,4
VFG002208,5
VFG002209,5
VFG002210,5
VFG002211,5
VFG002212,5
VFG002213,5
VFG002214,5
VFG002215,5
VFG002216,5
VFG002217,5
VFG002218,5
VFG002219,3
VFG002220,3
VFG002221,3
VFG002222,3
VFG002223,3
VFG002224,3
VFG002225,3
VFG002226,3
VFG002227,3
VFG002228,3
VFG002229,3
VFG002230,3
VFG011389,3
VFG011394,3
VFG011399,3
VFG011404,3
VFG011409,3
VFG011414,3
VFG011419,3
VFG011424,3
VFG011429,3
VFG011430,3
VFG011439,3
VFG011444,3
VFG011453,3
VFG011505,3
VFG011510,3
VFG011515,3
VFG011519,3
VFG011524,3
VFG011528,3
VFG011533,3
VFG011535,3
VFG011626,9
VFG011631,9
VFG041369,5
VFG041431,5
VFG041432,5
VFG045340,5
VFG045465,3
VFG045466,3
VFG051113,4
VFG051120,4
VFG051123,4
VFG051125,4
VFG051131,4
VFG051134,4
VFG051142,4
VFG051149,5
VFG051158,5
VFG051167,5
VFG051176,5
VFG051185,5
VFG051202,5
VFG051235,5
VFG051244,5
VFG051253,5
VFG051262,5
VFG051271,5
VFG002424,7
VFG002425,4
VFG002426,4
VFG002427,4
VFG002428,4
VFG002429,4
VFG002430,4
VFG002431,4
VFG002432,4
VFG002433,4
VFG002434,4
VFG002435,4
VFG002436,4
VFG002437,4
VFG002438,5
VFG002439,5
VFG002440,5
VFG002441,5
VFG002442,5
VFG002443,5
VFG002444,5
VFG002445,5
VFG002446,5
VFG002447,5
VFG002448,5
VFG002449,5
VFG002450,5
VFG002451,5
VFG002452,5
VFG002453,5
VFG002454,5
VFG002455,5
VFG002456,5
VFG002457,5
VFG002458,5
VFG002459,5
VFG002460,5
VFG002461,5
VFG002462,5
VFG002463,5
VFG002464,5
VFG002465,5
VFG002466,5
VFG002467,5
VFG002468,5
VFG002469,5
VFG002470,5
VFG002471,5
VFG002472,5
VFG002473,5
VFG002474,5
VFG002475,5
VFG002476,5
VFG002477,5
VFG002478,5
VFG002479,5
VFG002480,5
VFG002481,5
VFG002482,5
VFG002483,5
VFG002484,5
VFG002485,5
VFG002486,5
VFG002487,5
VFG002488,5
VFG002489,5
VFG002490,7
VFG002491,7
VFG002492,7
VFG002493,7
VFG002494,7
VFG002495,7
VFG002496,7
VFG002497,7
VFG002498,7
VFG002499,7
VFG002500,7
VFG002501,7
VFG002502,7
VFG002503,7
VFG002504,7
VFG002505,7
VFG002506,7
VFG002507,7
VFG002508,7
VFG002509,7
VFG002510,7
VFG002511,7
VFG002512,7
VFG002513,7
VFG002514,7
VFG002515,7
VFG002516,7
VFG002517,7
VFG002518,7
VFG002519,7
VFG002520,7
VFG002521,7
VFG002522,7
VFG002523,7
VFG002524,7
VFG002525,7
VFG002526,7
VFG002527,7
VFG002528,7
VFG002529,7
VFG002530,7
VFG002531,7
VFG002532,7
VFG002533,7
VFG002534,7
VFG002535,7
VFG002536,7
VFG002537,2
VFG002538,2
VFG002539,2
VFG002540,2
VFG002541,2
VFG002542,2
VFG002543,2
VFG002544,2
VFG002545,3
VFG002546,3
VFG002547,3
VFG002548,3
VFG002549,3
VFG002550,3
VFG002551,3
VFG002552,3
VFG002553,3
VFG002554,3
VFG002555,3
VFG002556,3
VFG002557,3
VFG002558,3
VFG002559,3
VFG002560,3
VFG002561,3
VFG002562,3
VFG002563,3
VFG002564,3
VFG002565,3
VFG002566,3
VFG002567,3
VFG002568,3
VFG002569,3
VFG041118,5
VFG041119,5
VFG041120,5
VFG041780,5
VFG042964,4
VFG042965,4
VFG042966,4
VFG045467,9
VFG001890,7
VFG001891,7
VFG001892,7
VFG001893,7
VFG001894,7
VFG001895,7
VFG001896,7
VFG001897,7
VFG001898,7
VFG001899,7
VFG001900,7
VFG001901,7
VFG001902,7
VFG001903,7
VFG001904,7
VFG001905,7
VFG001906,7
VFG001907,7
VFG001908,7
VFG001909,7
VFG001910,7
VFG001911,7
VFG001912,7
VFG001913,7
VFG001914,7
VFG001915,7
VFG001916,7
VFG001917,7
VFG001918,7
VFG001919,7
VFG001920,7
VFG001921,7
VFG001922,7
VFG001923,7
VFG001924,7
VFG001925,7
VFG001926,7
VFG001927,7
VFG001928,7
VFG001929,7
VFG001930,7
VFG001931,4
VFG001932,0
VFG001933,0
VFG001934,0
VFG001935,8
VFG001936,3
VFG001937,3
VFG001938,3
VFG001939,3
VFG001940,3
VFG001941,3
VFG001942,3
VFG001943,3
VFG001944,3
VFG001945,3
VFG001947,3
VFG001948,3
VFG001949,3
VFG001950,3
VFG001951,3
VFG001952,3
VFG001953,3
VFG001954,3
VFG001955,3
VFG001956,3
VFG001957,3
VFG001958,3
VFG001959,3
VFG001960,3
VFG001961,3
VFG001962,3
VFG001963,3
VFG001964,3
VFG001965,3
VFG001966,3
VFG001967,3
VFG001968,3
VFG001969,3
VFG001970,3
VFG001971,3
VFG001972,3
VFG001973,3
VFG001974,3
VFG001975,3
VFG001976,5
VFG001977,5
VFG001978,5
VFG001980,5
VFG001983,4
VFG001984,4
VFG001985,4
VFG001986,3
VFG001987,3
VFG001988,3
VFG001989,3
VFG002024,3
VFG002025,3
VFG002026,3
VFG002027,3
VFG002028,3
VFG011668,3
VFG011671,3
VFG011674,3
VFG011677,3
VFG011757,5
VFG011823,3
VFG011826,7
VFG011850,7
VFG011938,7
VFG011946,7
VFG012002,7
VFG012006,7
VFG012009,7
VFG012019,7
VFG012022,7
VFG012033,7
VFG012036,7
VFG043392,7
VFG043393,7
VFG043394,7
VFG043395,7
VFG043396,7
VFG043397,7
VFG043398,7
VFG043399,7
VFG043400,7
VFG043401,7
VFG043402,7
VFG043403,7
VFG043404,7
VFG043405,7
VFG043472,4
VFG045341,8
VFG002124,5
VFG002125,5
VFG002126,5
VFG002127,5
VFG002128,5
VFG002129,5
VFG002130,5
VFG002131,5
VFG002132,5
VFG002133,5
VFG002134,5
VFG002135,5
VFG002136,5
VFG002137,5
VFG002138,5
VFG002139,5
VFG002140,5
VFG002141,5
VFG002142,5
VFG002143,5
VFG002144,5
VFG002145,5
VFG002146,5
VFG002147,5
VFG002148,5
VFG002149,5
VFG002150,5
VFG002151,5
VFG002152,5
VFG002153,5
VFG002154,5
VFG016998,5
VFG017038,5
VFG017049,5
VFG017059,5
VFG042183,5
VFG042184,5
VFG042185,5
VFG042186,5
VFG042187,5
VFG042196,5
VFG042197,5
VFG042200,5
VFG042201,5
VFG042202,5
VFG042203,5
VFG043572,4
VFG043574,4
VFG044455,5
VFG044456,5
VFG044457,5
VFG044458,5
VFG044459,5
VFG049554,5
VFG049610,5
VFG049619,5
VFG049624,5
VFG049637,5
VFG049649,5
VFG049661,5
VFG049666,5
VFG049684,6
VFG050220,5
VFG050221,5
VFG050222,5
VFG050223,5
VFG050224,5
VFG050225,5
VFG050226,5
VFG050227,5
VFG050228,5
VFG050229,5
VFG050230,5
VFG050231,5
VFG050232,5
VFG050233,5
VFG050234,5
VFG050235,5
VFG050236,5
VFG050237,5
VFG050238,5
VFG050239,5
VFG050240,5
VFG050241,5
VFG050242,5
VFG050243,5
VFG050244,5
VFG050245,5
VFG050246,5
VFG050247,5
VFG050248,5
VFG050249,5
VFG050250,5
VFG050251,5
VFG050252,5
VFG050253,5
VFG050254,5
VFG050255,5
VFG050256,5
VFG050257,5
VFG050258,5
VFG050259,5
VFG050260,5
VFG050261,5
VFG050262,5
VFG050263,5
VFG050264,5
VFG050265,5
VFG050266,5
VFG050267,5
VFG050268,5
VFG050269,5
VFG050270,5
VFG050271,5
VFG050272,5
VFG051291,4
VFG051303,4
VFG051314,4
VFG051319,4
VFG051330,4
VFG051360,4
VFG051368,4
VFG051435,4
VFG051447,4
VFG051474,8
VFG002274,0
VFG002275,0
VFG002276,6
VFG002277,6
VFG002278,6
VFG002279,6
VFG002280,6
VFG002281,6
VFG002282,6
VFG002285,6
VFG002286,0
VFG002287,0
VFG002288,0
VFG002289,0
VFG002290,0
VFG002291,0
VFG002292,0
VFG002293,0
VFG002296,0
VFG002300,0
VFG012088,4
VFG012089,4
VFG012095,4
VFG012104,4
VFG012114,0
VFG012122,0
VFG012160,6
VFG012162,6
VFG012191,0
VFG019178,0
VFG019180,0
VFG043656,0
VFG043666,0
VFG043773,0
VFG043774,0
VFG043775,0
VFG043778,0
VFG044015,0
VFG044024,0
VFG044025,0
VFG050212,4
VFG050213,4
VFG050214,4
VFG050215,6
VFG050216,4
VFG050217,4
VFG050218,6
VFG051287,0
VFG002198,0
VFG002199,4
VFG002200,4
VFG002201,4
VFG013668,4
VFG050289,4
VFG050290,4
VFG050291,4
VFG050292,4
VFG050293,10
VFG052267,4
VFG052274,4
VFG052280,4
VFG039101,5
VFG039106,5
VFG039111,5
VFG039116,5
VFG039121,5
VFG039126,5
VFG039131,5
VFG039136,5
VFG039141,5
VFG039146,5
VFG039151,5
VFG039156,5
VFG039161,5
VFG039166,5
VFG039171,5
VFG039176,5
VFG039181,5
VFG039186,5
VFG039191,5
VFG039196,5
VFG039201,5
VFG039206,5
VFG039211,5
VFG039216,5
VFG039226,5
VFG039231,5
VFG039236,5
VFG039240,5
VFG039245,5
VFG039255,5
VFG039269,5
VFG039274,5
VFG039282,5
VFG039287,5
VFG039302,5
VFG039311,5
VFG039316,5
VFG039326,5
VFG039331,5
VFG039336,5
VFG039341,5
VFG039345,5
VFG039351,5
VFG039356,5
VFG039361,5
VFG039366,5
VFG039371,5
VFG039376,5
VFG039381,5
VFG039386,5
VFG039395,5
VFG039400,5
VFG039405,5
VFG039410,5
VFG039425,5
VFG039430,5
VFG039446,5
VFG039449,5
VFG039454,5
VFG039459,5
VFG039464,5
VFG039474,5
VFG039481,5
VFG039486,5
VFG039491,5
VFG039496,5
VFG039501,5
VFG039526,5
VFG039531,5
VFG039536,5
VFG039541,5
VFG039545,5
VFG039549,5
VFG039558,5
VFG039563,5
VFG039568,5
VFG039572,5
VFG039575,5
VFG039580,5
VFG039585,5
VFG039590,5
VFG039595,5
VFG039600,5
VFG039605,5
VFG039615,5
VFG039623,5
VFG039626,5
VFG039631,5
VFG039636,5
VFG039641,5
VFG039646,5
VFG039656,5
VFG039661,5
VFG039666,5
VFG039671,5
VFG039676,5
VFG039681,5
VFG039691,5
VFG039696,5
VFG039700,5
VFG039704,5
VFG039706,5
VFG039708,5
VFG039710,5
VFG039714,5
VFG039716,5
VFG039719,5
VFG041423,5
VFG041424,5
VFG041425,5
VFG041426,5
VFG041427,5
VFG041429,5
VFG041433,5
VFG046157,5
VFG046162,5
VFG046166,5
VFG046177,5
VFG046182,5
VFG046187,5
VFG046194,5
VFG046196,5
VFG046201,5
VFG046206,5
VFG046211,5
VFG046214,5
VFG002164,4
VFG002165,4
VFG002166,4
VFG002171,4
VFG002172,4
VFG002173,4
VFG002174,6
VFG002175,0
VFG002176,0
VFG002177,0
VFG002178,0
VFG002179,4
VFG002180,3
VFG002181,3
VFG002182,3
VFG002183,3
VFG002184,3
VFG002185,3
VFG002186,3
VFG002187,3
VFG002188,3
VFG002189,3
VFG002190,3
VFG002191,6
VFG002192,2
VFG002193,2
VFG002194,2
VFG002195,6
VFG002196,6
VFG002197,2
VFG042976,4
VFG042977,4
VFG042978,4
VFG042979,4
VFG043518,4
VFG045470,0
VFG045472,0
VFG045473,0
VFG045474,0
VFG045626,4
VFG045632,4
VFG045635,4
VFG000710,9
VFG000739,5
VFG000750,4
VFG000751,4
VFG000752,4
VFG000755,4
VFG000757,4
VFG000760,4
VFG000762,4
VFG000763,9
VFG000764,9
VFG000765,9
VFG000794,5
VFG000795,5
VFG000796,5
VFG000797,5
VFG000799,5
VFG000800,5
VFG000801,5
VFG000802,5
VFG000803,5
VFG000804,5
VFG000805,5
VFG000806,5
VFG000807,5
VFG000808,5
VFG000809,5
VFG000810,5
VFG000811,5
VFG000812,5
VFG000813,5
VFG000814,5
VFG000815,5
VFG000816,5
VFG000817,5
VFG000818,5
VFG000819,5
VFG000820,5
VFG000821,5
VFG000822,5
VFG000823,5
VFG000824,5
VFG000825,5
VFG000826,5
VFG000827,5
VFG000828,5
VFG000829,5
VFG000830,5
VFG000831,5
VFG000832,9
VFG000833,5
VFG000834,5
VFG000835,0
VFG000836,0
VFG000837,0
VFG000838,0
VFG000839,4
VFG000840,0
VFG000841,0
VFG000842,0
VFG000843,0
VFG000844,5
VFG000845,5
VFG000846,6
VFG000859,0
VFG000860,0
VFG000861,5
VFG000862,5
VFG000863,0
VFG000871,4
VFG000872,4
VFG000873,4
VFG000874,4
VFG000875,4
VFG000876,4
VFG000877,4
VFG000878,4
VFG000879,4
VFG000880,4
VFG000881,4
VFG000882,4
VFG000883,4
VFG000884,4
VFG000885,4
VFG000886,4
VFG000887,4
VFG000888,4
VFG000889,4
VFG000890,4
VFG000891,4
VFG000893,4
VFG000901,4
VFG000902,5
VFG000903,5
VFG000905,0
VFG000906,0
VFG000907,0
VFG000908,0
VFG000909,4
VFG000910,4
VFG000911,4
VFG000912,4
VFG000913,4
VFG000914,4
VFG000915,4
VFG000916,1
VFG000917,1
VFG000918,1
VFG000919,1
VFG000920,1
VFG000921,1
VFG000922,1
VFG000923,1
VFG000924,1
VFG000925,1
VFG000926,1
VFG000927,1
VFG000928,1
VFG000929,1
VFG000930,1
VFG000931,1
VFG000932,1
VFG000933,1
VFG000934,1
VFG000935,1
VFG000936,1
VFG000937,1
VFG000938,1
VFG000939,1
VFG000940,1
VFG000942,4
VFG000943,4
VFG000944,4
VFG000945,4
VFG000946,4
VFG001424,4
VFG001428,4
VFG001443,8
VFG001444,8
VFG001445,8
VFG001446,4
VFG001447,0
VFG001713,4
VFG002039,0
VFG002121,5
VFG002122,5
VFG002123,5
VFG002412,4
VFG002413,4
VFG002414,4
VFG002415,4
VFG002416,4
VFG002417,4
VFG012327,4
VFG012329,4
VFG012333,4
VFG012335,4
VFG012337,4
VFG012339,4
VFG012341,4
VFG012343,4
VFG012362,5
VFG012436,5
VFG012438,5
VFG012493,0
VFG012501,1
VFG012505,1
VFG012509,1
VFG012513,1
VFG012591,1
VFG012597,1
VFG012603,1
VFG012609,1
VFG012615,1
VFG012621,1
VFG012627,1
VFG033389,4
VFG033393,4
VFG033422,5
VFG033439,5
VFG033448,5
VFG033457,5
VFG033466,5
VFG033475,5
VFG033484,5
VFG033493,5
VFG033502,5
VFG033511,5
VFG033520,5
VFG033536,5
VFG033545,5
VFG033562,5
VFG033579,5
VFG033587,5
VFG033604,5
VFG033612,5
VFG033621,5
VFG033630,5
VFG033639,5
VFG033666,5
VFG033675,5
VFG033738,5
VFG033747,5
VFG033773,5
VFG033788,5
VFG033805,5
VFG034541,4
VFG034574,11
VFG034575,4
VFG034576,4
VFG034577,4
VFG034578,4
VFG034612,4
VFG034624,4
VFG034636,4
VFG034648,4
VFG034679,8
VFG034721,8
VFG034746,5
VFG034754,5
VFG034761,5
VFG034764,5
VFG034772,5
VFG034778,5
VFG034780,5
VFG034786,5
VFG034788,5
VFG034803,5
VFG034804,5
VFG034810,5
VFG034815,5
VFG034817,5
VFG034825,5
VFG034826,5
VFG034831,5
VFG034837,5
VFG034840,5
VFG034849,5
VFG034851,5
VFG034859,5
VFG034861,5
VFG034866,5
VFG034873,5
VFG034875,5
VFG034880,5
VFG034882,5
VFG034887,5
VFG034895,5
VFG034897,5
VFG034901,5
VFG034908,5
VFG034910,5
VFG034915,5
VFG034917,5
VFG034922,5
VFG034928,5
VFG034929,5
VFG034932,5
VFG034942,5
VFG034951,5
VFG034954,5
VFG034966,5
VFG034975,5
VFG034977,5
VFG034984,5
VFG034985,5
VFG034987,5
VFG034992,5
VFG035000,5
VFG035006,5
VFG035012,5
VFG035020,5
VFG035025,5
VFG035027,5
VFG035032,5
VFG035037,5
VFG035043,5
VFG035045,5
VFG035053,5
VFG035062,5
VFG035073,5
VFG035902,11
VFG035909,11
VFG035916,11
VFG035923,11
VFG035929,11
VFG036066,0
VFG036068,0
VFG042218,5
VFG042219,5
VFG042336,5
VFG042382,4
VFG042389,4
VFG042390,4
VFG042567,4
VFG042568,4
VFG042569,4
VFG042784,4
VFG042788,4
VFG042789,4
VFG042791,4
VFG042793,4
VFG042794,4
VFG042796,4
VFG043732,0
VFG043733,0
VFG043734,0
VFG044159,1
VFG044165,1
VFG044172,1
VFG045328,0
VFG045349,4
VFG045464,3
VFG045788,4
VFG045789,4
VFG045790,4
VFG045791,4
VFG045792,4
VFG045793,4
VFG045794,4
VFG045818,5
VFG050157,8
VFG050158,8
VFG050159,8
VFG050160,8
VFG050161,8
VFG050162,8
VFG050163,8
VFG050164,8
VFG050165,8
VFG050166,8
VFG050167,8
VFG050168,8
VFG050169,8
VFG042845,4
VFG042846,4
VFG042847,4
VFG042848,4
VFG042850,4
VFG042851,4
VFG042852,4
VFG042853,4
VFG042854,4
VFG042855,4
VFG042856,4
VFG042857,4
VFG042858,4
VFG042859,4
VFG044194,1
VFG044195,1
VFG044196,1
VFG044197,1
VFG044198,1
VFG044199,1
VFG044346,1
VFG046318,4
VFG046465,4
VFG046483,4
VFG046501,11
VFG046519,11
VFG046537,11
VFG046553,12
VFG046569,12
VFG046582,12
VFG046595,12
VFG046610,3
VFG046628,3
VFG046645,3
VFG046662,3
VFG046680,3
VFG046694,3
VFG046706,3
VFG046718,3
VFG046732,3
VFG046747,3
VFG046763,3
VFG046781,3
VFG046799,3
VFG046817,3
VFG046835,3
VFG046853,3
VFG046871,3
VFG046887,3
VFG046903,3
VFG046921,3
VFG046938,3
VFG046955,3
VFG046972,3
VFG046988,3
VFG047006,3
VFG047022,3
VFG047039,3
VFG047055,3
VFG047068,3
VFG047082,3
VFG047095,3
VFG047111,3
VFG047125,3
VFG047137,3
VFG047149,3
VFG047162,3
VFG047176,3
VFG047189,3
VFG047204,3
VFG047221,3
VFG047239,3
VFG047256,3
VFG047274,3
VFG047401,1
VFG047416,1
VFG047431,1
VFG047461,1
VFG047478,1
VFG047495,1
VFG047512,1
VFG047529,1
VFG047546,1
VFG047564,1
VFG047582,1
VFG047600,1
VFG047618,1
VFG047636,1
VFG047654,1
VFG047672,1
VFG047690,1
VFG047708,1
VFG047726,1
VFG047748,5
VFG047777,5
VFG047806,5
VFG047834,5
VFG047860,5
VFG047889,5
VFG047917,5
VFG047945,5
VFG047973,5
VFG048002,5
VFG048030,5
VFG048055,5
VFG048082,5
VFG048111,5
VFG048140,5
VFG048169,5
VFG048194,5
VFG000326,3
VFG000327,3
VFG000328,3
VFG000329,3
VFG000330,3
VFG000331,3
VFG000332,3
VFG000333,3
VFG000334,4
VFG000335,4
VFG000336,3
VFG000337,6
VFG000338,1
VFG000339,1
VFG000340,1
VFG000341,1
VFG000343,1
VFG000344,1
VFG000347,1
VFG000348,1
VFG000685,3
VFG000686,3
VFG000687,3
VFG000688,3
VFG000689,3
VFG000690,3
VFG000691,3
VFG000692,3
VFG000693,3
VFG000694,3
VFG000696,3
VFG000704,3
VFG001144,4
VFG001145,4
VFG001146,4
VFG001147,4
VFG001148,4
VFG001149,4
VFG001151,4
VFG001152,4
VFG001153,4
VFG001154,4
VFG001155,4
VFG001156,4
VFG013139,4
VFG013236,3
VFG013242,3
VFG013248,3
VFG013254,3
VFG013260,3
VFG013265,3
VFG013271,3
VFG013276,3
VFG013281,3
VFG013286,3
VFG013292,3
VFG013299,3
VFG013315,3
VFG013321,3
VFG013327,3
VFG013342,3
VFG013346,3
VFG013352,3
VFG013354,3
VFG013361,3
VFG013365,3
VFG013368,3
VFG013374,3
VFG013380,3
VFG013384,3
VFG013390,3
VFG013400,3
VFG013412,3
VFG013418,3
VFG013424,3
VFG013436,3
VFG013465,3
VFG013471,3
VFG013476,3
VFG013482,3
VFG013487,3
VFG013491,3
VFG013496,3
VFG013500,3
VFG013503,3
VFG013508,3
VFG013594,1
VFG045329,1
VFG000269,12
VFG000270,12
VFG000271,12
VFG000272,12
VFG000273,12
VFG000274,12
VFG000275,12
VFG000276,7
VFG000277,7
VFG000278,7
VFG000279,0
VFG000280,5
VFG000282,5
VFG000283,5
VFG000284,5
VFG000285,5
VFG000286,5
VFG000287,5
VFG000288,5
VFG000289,5
VFG000290,5
VFG000291,5
VFG000292,5
VFG000293,5
VFG000294,5
VFG000295,5
VFG000296,5
VFG000297,5
VFG000298,5
VFG000299,5
VFG000300,5
VFG000301,5
VFG000302,5
VFG000303,5
VFG000304,5
VFG000305,5
VFG000306,5
VFG000307,3
VFG000308,3
VFG000309,3
VFG000310,7
VFG000311,7
VFG000312,4
VFG000313,3
VFG000314,3
VFG000315,3
VFG000316,3
VFG000317,3
VFG000318,3
VFG000320,3
VFG000321,3
VFG000322,3
VFG000323,3
VFG001142,4
VFG001143,3
VFG006339,4
VFG006342,4
VFG006349,4
VFG006512,3
VFG006528,7
VFG006533,7
VFG006538,7
VFG006543,7
VFG006548,7
VFG006553,7
VFG006557,7
VFG006562,7
VFG006567,7
VFG006572,7
VFG006577,7
VFG006582,7
VFG006587,7
VFG006592,7
VFG006597,7
VFG006602,7
VFG006612,7
VFG006617,7
VFG006622,7
VFG006627,7
VFG006632,7
VFG006637,7
VFG006647,7
VFG006652,7
VFG006657,7
VFG006662,7
VFG006667,7
VFG006672,7
VFG006677,7
VFG006681,7
VFG006686,7
VFG006696,7
VFG006701,7
VFG043364,7
VFG043365,7
VFG043366,7
VFG043367,7
VFG043368,7
VFG043369,7
VFG043371,7
VFG043372,7
VFG043373,7
VFG043374,7
VFG043375,7
VFG043376,7
VFG043377,7
VFG043378,7
VFG043379,7
VFG043381,7
VFG043382,7
VFG043383,7
VFG043384,7
VFG043385,7
VFG043386,7
VFG043387,7
VFG043389,7
VFG043390,7
VFG043391,7
VFG050273,3
VFG043623,2
VFG043624,2
VFG043625,2
VFG043626,2
VFG043627,2
VFG044322,1
VFG044323,1
VFG044324,1
VFG044325,1
VFG044326,1
VFG044327,1
VFG044328,1
VFG044329,1
VFG044330,1
VFG044331,1
VFG044332,1
VFG044333,1
VFG044334,1
VFG044335,1
VFG044336,1
VFG044337,1
VFG048229,4
VFG048237,4
VFG048247,4
VFG048257,4
VFG048267,4
VFG048277,4
VFG048287,4
VFG048297,4
VFG048307,4
VFG048317,4
VFG048327,2
VFG048338,2
VFG048348,2
VFG048409,1
VFG048419,1
VFG048429,1
VFG048439,1
VFG048449,1
VFG048459,1
VFG048468,1
VFG048478,1
VFG048488,1
VFG048498,1
VFG048508,1
VFG048518,1
VFG048528,1
VFG048547,1
VFG048550,1
VFG048551,1
VFG048554,1
VFG048600,1
VFG048603,1
VFG048606,1
VFG048609,1
VFG048620,1
VFG048621,1
VFG048632,5
VFG048643,5
VFG048654,5
VFG048665,5
VFG048676,5
VFG048687,5
VFG048697,5
VFG048708,5
VFG048755,5
VFG048762,5
VFG048771,5
VFG048779,5
VFG048787,5
VFG048797,3
VFG048808,3
VFG048819,3
VFG048830,3
VFG048841,3
VFG048852,3
VFG048863,3
VFG048874,3
VFG048885,3
VFG048896,3
VFG048907,3
VFG048918,3
VFG048929,3
VFG048940,3
VFG048951,3
VFG048962,3
VFG048972,3
VFG048980,3
VFG048985,3
VFG048990,3
VFG048995,9
VFG048996,9
VFG048998,9
VFG049007,9
VFG049018,9
VFG049029,3
VFG049040,3
VFG049051,3
VFG049062,3
VFG049073,3
VFG049084,3
VFG049095,3
VFG049114,1
VFG049116,1
VFG049118,1
VFG049120,1
VFG049122,1
VFG049124,1
VFG049133,13
VFG049144,13
VFG049147,0
VFG049148,0
VFG049149,0
VFG049150,0
VFG049151,0
VFG049152,0
VFG049153,0
VFG049154,0
VFG049155,0
VFG049156,0
VFG049157,0
VFG049158,0
VFG049159,0
VFG049160,0
VFG049161,0
VFG049162,0
VFG049163,0
VFG049164,0
VFG001830,5
VFG001831,5
VFG001832,5
VFG001833,5
VFG001834,5
VFG001835,5
VFG001836,5
VFG001837,5
VFG001838,5
VFG001839,5
VFG001840,5
VFG001841,5
VFG001842,5
VFG001843,5
VFG001844,5
VFG001845,5
VFG001846,5
VFG001847,5
VFG001848,5
VFG001849,5
VFG001850,5
VFG001851,5
VFG001852,5
VFG001853,5
VFG001854,7
VFG001855,4
VFG001856,1
VFG001857,1
VFG001858,1
VFG001859,1
VFG001860,1
VFG001861,12
VFG001862,12
VFG001863,5
VFG001864,10
VFG001865,4
VFG001866,9
VFG001867,12
VFG001868,12
VFG001870,5
VFG001871,5
VFG001872,5
VFG001873,5
VFG001874,5
VFG001875,5
VFG001876,5
VFG001877,5
VFG001878,5
VFG001879,5
VFG001880,4
VFG001881,4
VFG001882,4
VFG001883,11
VFG001884,11
VFG001885,11
VFG001887,9
VFG001888,9
VFG001889,9
VFG001990,7
VFG001991,7
VFG001992,7
VFG001993,7
VFG001994,7
VFG001995,7
VFG001996,7
VFG001997,7
VFG001998,7
VFG001999,7
VFG002000,7
VFG002001,7
VFG002002,7
VFG002003,7
VFG002004,7
VFG002005,7
VFG002006,7
VFG002007,7
VFG002008,7
VFG002009,7
VFG002011,7
VFG002012,7
VFG002013,7
VFG002014,7
VFG002015,7
VFG002016,7
VFG002017,7
VFG002018,7
VFG002019,7
VFG002095,5
VFG002096,5
VFG002097,1
VFG002098,5
VFG002099,5
VFG002100,5
VFG002101,5
VFG002102,5
VFG002103,5
VFG002104,5
VFG002105,5
VFG002106,5
VFG002107,5
VFG002108,5
VFG002109,5
VFG002110,5
VFG002111,5
VFG002112,5
VFG002113,5
VFG002114,5
VFG002115,5
VFG002116,5
VFG002117,5
VFG002118,5
VFG002119,5
VFG002120,5
VFG002163,5
VFG010439,4
VFG010455,4
VFG010459,4
VFG010463,4
VFG010467,4
VFG010471,4
VFG010475,4
VFG010479,4
VFG010491,11
VFG010495,11
VFG010499,11
VFG010503,11
VFG010515,5
VFG010519,11
VFG010523,11
VFG010527,11
VFG010682,5
VFG010686,5
VFG010693,5
VFG010701,5
VFG010708,5
VFG010730,5
VFG010745,5
VFG010749,5
VFG010759,5
VFG010763,5
VFG010846,5
VFG010851,0
VFG010854,1
VFG010858,1
VFG010862,1
VFG010866,1
VFG010874,1
VFG010878,1
VFG010882,1
VFG010898,1
VFG010906,9
VFG018236,5
VFG041230,5
VFG041231,5
VFG041232,5
VFG041233,5
VFG041234,5
VFG041235,5
VFG041236,5
VFG041237,5
VFG041238,5
VFG041239,5
VFG041240,5
VFG041241,5
VFG041242,5
VFG041243,5
VFG041244,5
VFG041245,5
VFG041246,5
VFG041247,5
VFG041248,5
VFG041249,5
VFG041250,5
VFG041251,5
VFG041252,5
VFG041253,5
VFG041254,5
VFG041255,5
VFG041256,5
VFG041257,5
VFG041258,5
VFG041259,5
VFG041260,5
VFG041261,5
VFG041262,5
VFG041263,5
VFG041264,5
VFG041265,5
VFG041266,5
VFG041267,5
VFG041268,5
VFG041269,5
VFG041275,5
VFG041276,5
VFG041277,5
VFG041278,5
VFG041279,5
VFG041280,5
VFG041281,5
VFG041282,5
VFG041283,5
VFG041284,5
VFG041285,5
VFG041286,5
VFG041287,5
VFG041288,5
VFG041289,5
VFG041290,5
VFG041291,5
VFG041292,5
VFG041293,5
VFG041294,5
VFG041295,5
VFG041296,5
VFG041297,5
VFG041298,5
VFG041299,5
VFG041300,5
VFG041301,5
VFG041302,5
VFG041303,5
VFG041304,5
VFG041305,5
VFG041306,5
VFG041307,5
VFG041308,5
VFG041309,5
VFG041310,5
VFG041311,5
VFG041312,5
VFG041313,5
VFG041314,5
VFG041315,5
VFG041316,5
VFG041317,5
VFG041318,5
VFG041319,5
VFG041320,5
VFG041321,5
VFG041322,5
VFG041323,5
VFG041324,5
VFG041325,5
VFG041326,5
VFG041327,5
VFG041328,5
VFG041329,5
VFG041330,5
VFG041331,5
VFG041332,5
VFG041333,5
VFG041334,5
VFG041335,5
VFG041336,5
VFG041337,5
VFG041338,5
VFG041339,5
VFG041340,5
VFG041341,5
VFG041342,5
VFG041343,5
VFG041344,5
VFG041345,5
VFG041346,5
VFG041347,5
VFG041348,5
VFG041349,5
VFG041350,5
VFG041351,5
VFG042860,4
VFG042861,4
VFG042862,4
VFG042863,4
VFG042864,4
VFG042865,4
VFG042866,4
VFG042867,4
VFG042869,4
VFG042870,4
VFG043318,7
VFG043319,7
VFG043320,7
VFG043321,7
VFG043331,7
VFG043336,7
VFG043338,7
VFG043340,7
VFG043345,7
VFG043346,7
VFG043349,7
VFG043350,7
VFG043360,7
VFG043361,7
VFG043362,7
VFG043363,7
VFG044128,1
VFG045296,3
VFG045297,3
VFG045298,3
VFG045299,3
VFG045300,3
VFG045301,3
VFG045302,3
VFG045303,3
VFG045304,3
VFG045305,3
VFG045306,3
VFG045307,3
VFG045308,3
VFG045309,3
VFG045310,3
VFG045312,3
VFG045313,3
VFG045314,3
VFG045315,3
VFG045316,3
VFG045317,3
VFG045318,3
VFG045319,3
VFG045320,3
VFG045321,3
VFG045323,3
VFG045324,3
VFG045325,3
VFG045326,11
VFG045327,12
VFG045330,1
VFG045475,5
VFG045476,5
VFG045477,5
VFG045478,5
VFG045479,5
VFG045480,5
VFG045481,5
VFG045482,5
VFG045483,5
VFG045484,5
VFG045485,5
VFG045486,5
VFG045487,5
VFG045488,5
VFG045489,5
VFG045490,5
VFG045491,5
VFG045492,5
VFG045493,5
VFG045494,5
VFG045495,5
VFG045496,5
VFG045497,5
VFG045498,5
VFG045499,5
VFG045500,5
VFG045501,5
VFG045502,5
VFG045503,5
VFG045504,5
VFG045505,5
VFG045506,5
VFG045507,5
VFG045508,5
VFG045509,5
VFG045510,5
VFG045511,5
VFG045512,5
VFG045513,5
VFG045514,5
VFG045515,5
VFG045516,5
VFG045517,5
VFG045518,5
VFG045519,5
VFG045520,5
VFG045521,5
VFG045522,5
VFG045523,5
VFG045524,5
VFG045525,5
VFG045526,5
VFG045527,5
VFG045528,5
VFG045529,5
VFG045530,5
VFG045531,5
VFG045532,5
VFG045533,5
VFG045534,5
VFG045535,5
VFG045536,5
VFG045537,5
VFG045538,5
VFG045539,5
VFG045540,5
VFG045541,5
VFG045542,5
VFG045543,5
VFG045544,5
VFG045545,5
VFG045546,5
VFG045547,5
VFG045548,5
VFG045549,5
VFG045550,5
VFG045551,5
VFG045552,5
VFG045553,5
VFG045554,5
VFG045555,5
VFG045556,5
VFG045557,5
VFG045558,5
VFG045559,5
VFG045560,5
VFG045561,5
VFG045562,5
VFG045563,5
VFG045564,5
VFG045565,5
VFG045566,5
VFG045567,5
VFG045568,5
VFG045569,5
VFG045570,5
VFG045571,5
VFG045572,5
VFG045573,5
VFG045574,5
VFG045575,5
VFG045576,5
VFG045577,5
VFG045578,5
VFG045579,5
VFG045580,5
VFG045581,5
VFG045582,5
VFG045583,5
VFG045584,5
VFG045585,5
VFG045586,5
VFG045587,5
VFG045588,5
VFG045589,5
VFG045590,5
VFG045591,5
VFG045592,5
VFG045593,5
VFG045594,5
VFG045595,5
VFG045596,5
VFG045597,5
VFG045598,5
VFG045599,5
VFG045600,5
VFG045601,5
VFG045602,5
VFG045603,5
VFG045604,5
VFG045605,5
VFG045606,5
VFG045607,5
VFG045608,5
VFG045609,5
VFG000068,7
VFG000069,0
VFG000070,8
VFG000071,6
VFG000072,9
VFG000073,0
VFG000074,0
VFG000075,8
VFG000076,8
VFG000077,12
VFG000078,4
VFG000079,12
VFG000080,12
VFG000674,6
VFG001089,1
VFG001090,1
VFG002157,8
VFG002158,1
VFG002159,8
VFG002160,4
VFG002161,10
VFG002162,12
VFG006717,4
VFG006721,4
VFG006768,8
VFG032762,4
VFG032821,4
VFG032845,10
VFG032878,10
VFG032910,3
VFG032936,3
VFG032965,3
VFG032992,3
VFG033025,3
VFG045331,0
VFG045332,0
VFG045333,0
VFG045334,0
VFG045335,0
VFG045336,0
VFG045337,0
VFG045338,0
VFG045468,1
VFG049468,4
VFG001379,9
VFG001380,12
VFG001381,11
VFG001382,11
VFG001383,4
VFG001385,11
VFG001386,9
VFG001390,9
VFG001391,1
VFG001392,9
VFG001393,1
VFG001395,1
VFG001396,12
VFG001397,12
VFG001400,0
VFG001401,0
VFG001402,0
VFG001403,1
VFG001404,12
VFG001405,9
VFG001406,9
VFG001407,3
VFG001408,3
VFG001409,3
VFG001410,3
VFG001412,9
VFG001413,9
VFG001414,9
VFG001415,1
VFG001416,1
VFG001417,1
VFG001419,4
VFG001420,11
VFG001421,12
VFG001810,4
VFG001811,4
VFG001812,4
VFG001813,3
VFG001814,1
VFG001815,1
VFG001816,1
VFG001817,1
VFG001818,1
VFG001819,1
VFG001820,1
VFG001821,1
VFG001822,1
VFG001823,1
VFG001824,9
VFG001825,9
VFG001826,9
VFG002378,5
VFG002379,5
VFG002380,5
VFG002381,5
VFG002382,5
VFG002383,5
VFG002384,5
VFG002385,5
VFG002386,5
VFG002387,5
VFG002388,5
VFG002389,5
VFG002390,5
VFG002391,5
VFG002392,5
VFG002393,5
VFG002395,5
VFG002397,5
VFG002398,5
VFG002399,5
VFG002400,5
VFG002401,5
VFG002402,5
VFG002403,5
VFG007823,3
VFG007832,3
VFG007849,3
VFG007857,3
VFG007866,3
VFG007878,3
VFG007904,3
VFG007918,3
VFG007946,3
VFG007953,3
VFG007959,3
VFG007965,3
VFG007974,3
VFG007980,3
VFG007991,3
VFG007999,3
VFG008007,3
VFG008136,3
VFG009553,1
VFG009561,1
VFG009810,9
VFG009869,9
VFG021800,1
VFG021827,1
VFG021840,1
VFG021863,5
VFG021876,5
VFG021888,5
VFG021895,5
VFG021908,5
VFG022019,5
VFG022035,5
VFG022051,5
VFG022066,5
VFG022082,5
VFG022098,5
VFG022114,5
VFG022130,5
VFG022146,5
VFG022162,5
VFG022280,5
VFG022293,5
VFG022303,5
VFG022312,5
VFG022319,5
VFG022327,5
VFG022333,5
VFG022340,5
VFG024695,3
VFG024714,3
VFG024724,3
VFG024730,3
VFG024748,3
VFG024762,3
VFG024776,3
VFG024796,3
VFG024810,3
VFG030423,3
VFG030452,3
VFG030480,3
VFG031564,3
VFG031777,5
VFG031808,5
VFG031840,5
VFG031877,5
VFG050301,5
VFG052045,3
VFG052100,3
VFG052155,3
VFG052202,3
VFG052256,3
VFG002029,4
VFG002030,4
VFG002031,4
VFG002033,4
VFG002034,4
VFG002035,4
VFG002036,4
VFG016463,4
VFG016466,4
VFG016472,4
VFG016557,3
VFG043500,4
VFG043642,4
VFG043671,0
VFG046118,4
VFG046119,4
VFG046120,4
VFG000221,4
VFG000222,4
VFG000223,4
VFG000225,4
VFG000227,4
VFG000228,4
VFG000230,4
VFG000232,4
VFG000233,4
VFG000234,4
VFG000235,4
VFG000236,8
VFG000240,8
VFG000241,3
VFG000242,3
VFG000243,3
VFG000244,3
VFG000245,3
VFG000246,3
VFG000247,3
VFG000249,1
VFG000250,8
VFG000252,3
VFG000253,3
VFG000254,3
VFG000255,3
VFG000256,3
VFG000257,3
VFG000258,3
VFG000259,3
VFG000260,3
VFG000261,5
VFG000262,1
VFG000263,1
VFG000264,1
VFG000265,1
VFG000266,1
VFG000267,1
VFG000268,1
VFG001205,1
VFG001206,1
VFG006167,4
VFG006171,4
VFG006175,4
VFG006179,4
VFG006183,4
VFG006187,4
VFG006191,4
VFG006199,4
VFG006203,4
VFG006216,8
VFG006218,8
VFG006237,8
VFG006300,4
VFG006303,4
VFG036778,3
VFG036830,4
VFG036848,4
VFG036866,4
VFG036884,4
VFG036902,4
VFG036920,4
VFG036938,13
VFG036956,13
VFG036974,13
VFG036992,13
VFG037010,13
VFG037028,12
VFG037046,12
VFG037064,12
VFG037082,12
VFG037100,12
VFG037118,12
VFG037136,3
VFG037153,3
VFG000111,4
VFG000112,4
VFG000114,4
VFG000115,0
VFG000116,2
VFG000117,2
VFG000118,2
VFG000119,2
VFG000120,2
VFG000121,2
VFG000122,2
VFG000123,2
VFG000124,2
VFG000125,2
VFG000126,2
VFG000127,2
VFG000128,2
VFG000129,2
VFG000130,2
VFG000131,2
VFG000132,2
VFG000133,2
VFG000134,2
VFG000135,2
VFG000136,2
VFG000137,3
VFG000138,3
VFG000139,3
VFG000140,3
VFG000141,3
VFG000142,3
VFG000143,3
VFG000144,6
VFG000145,5
VFG000146,5
VFG000147,5
VFG000148,5
VFG000150,5
VFG000151,2
VFG000152,2
VFG000153,2
VFG000154,2
VFG000155,3
VFG000156,3
VFG000157,0
VFG000159,1
VFG000160,1
VFG000161,1
VFG000162,1
VFG000163,1
VFG000164,1
VFG000165,1
VFG000166,1
VFG000167,1
VFG000168,1
VFG000169,1
VFG000170,1
VFG000171,1
VFG000172,1
VFG000173,1
VFG000174,5
VFG000175,5
VFG000176,5
VFG000177,5
VFG000178,5
VFG000179,5
VFG000180,5
VFG000181,5
VFG000182,5
VFG000183,5
VFG000184,5
VFG000185,5
VFG000186,5
VFG000187,5
VFG000188,5
VFG000189,5
VFG000190,5
VFG000191,5
VFG000192,5
VFG000193,5
VFG000194,5
VFG000195,5
VFG000196,5
VFG000197,5
VFG000198,5
VFG000199,5
VFG000200,5
VFG000201,5
VFG000202,5
VFG000203,5
VFG000204,5
VFG000205,5
VFG000206,5
VFG000207,5
VFG000208,5
VFG000209,5
VFG000210,5
VFG000211,5
VFG000212,5
VFG000213,5
VFG000214,5
VFG000215,5
VFG000216,5
VFG000217,5
VFG000218,5
VFG000219,5
VFG000220,5
VFG001207,4
VFG001208,4
VFG001209,4
VFG001210,4
VFG001211,4
VFG001212,4
VFG001213,4
VFG001214,4
VFG001215,4
VFG001216,4
VFG001217,4
VFG001218,4
VFG001219,4
VFG001220,4
VFG001221,4
VFG001222,4
VFG001223,4
VFG001224,4
VFG001225,4
VFG001226,4
VFG001227,4
VFG001228,4
VFG001229,4
VFG001230,4
VFG001231,4
VFG001232,4
VFG001233,4
VFG001234,4
VFG001235,4
VFG001236,7
VFG001237,7
VFG001238,7
VFG001239,7
VFG001240,7
VFG001241,7
VFG001242,7
VFG001243,7
VFG001244,7
VFG001245,7
VFG001246,7
VFG001247,7
VFG001248,7
VFG001249,7
VFG001250,7
VFG001251,7
VFG001252,7
VFG001253,7
VFG001254,7
VFG001255,7
VFG001256,7
VFG001257,7
VFG001258,7
VFG001259,7
VFG001260,7
VFG001261,7
VFG001262,7
VFG001263,7
VFG001264,7
VFG001265,7
VFG001266,1
VFG001267,1
VFG001268,1
VFG002057,5
VFG002058,5
VFG002059,5
VFG002060,5
VFG002061,5
VFG002062,5
VFG002063,5
VFG002064,5
VFG002065,5
VFG002066,5
VFG002067,5
VFG002068,5
VFG002069,5
VFG002070,5
VFG002071,5
VFG002072,5
VFG002073,5
VFG002074,5
VFG002075,5
VFG002076,5
VFG002077,5
VFG013948,4
VFG014099,3
VFG014100,3
VFG014101,3
VFG014102,3
VFG014103,3
VFG014105,3
VFG014106,3
VFG014107,3
VFG014108,3
VFG014109,3
VFG014110,3
VFG014111,3
VFG014112,3
VFG014113,3
VFG014115,3
VFG014116,3
VFG014117,3
VFG014148,7
VFG014304,7
VFG014330,7
VFG014343,7
VFG014369,7
VFG014473,7
VFG014486,7
VFG014629,7
VFG014642,7
VFG014655,7
VFG014668,7
VFG014681,7
VFG014694,7
VFG014707,7
VFG014720,7
VFG014733,7
VFG014893,2
VFG014950,2
VFG014984,2
VFG014997,2
VFG015000,2
VFG015045,3
VFG015165,5
VFG015503,1
VFG015506,1
VFG015509,1
VFG015512,1
VFG015515,1
VFG015518,1
VFG015521,1
VFG015524,1
VFG015527,1
VFG015542,1
VFG015551,1
VFG015859,5
VFG015950,1
VFG015973,1
VFG015983,1
VFG015994,1
VFG016005,1
VFG016016,1
VFG016038,1
VFG016041,1
VFG016046,1
VFG016058,1
VFG016069,1
VFG016087,1
VFG041010,5
VFG041011,5
VFG041012,5
VFG041013,5
VFG041014,5
VFG041015,5
VFG041016,5
VFG041017,5
VFG041018,5
VFG041019,5
VFG041020,5
VFG041021,5
VFG041022,5
VFG041023,5
VFG041024,5
VFG041025,5
VFG041026,5
VFG041027,5
VFG041028,5
VFG041029,5
VFG041030,5
VFG041031,5
VFG041032,5
VFG041033,5
VFG041034,5
VFG041035,5
VFG041036,5
VFG041037,5
VFG041038,5
VFG041039,5
VFG041040,5
VFG041041,5
VFG041042,5
VFG041043,5
VFG041045,5
VFG041046,5
VFG041047,5
VFG042140,5
VFG042734,4
VFG042735,4
VFG042736,4
VFG042738,4
VFG042739,4
VFG043012,7
VFG043013,7
VFG043014,7
VFG043015,7
VFG043016,7
VFG043017,7
VFG043018,7
VFG043648,4
VFG044079,1
VFG044080,1
VFG044081,1
VFG044082,1
VFG044083,1
VFG044084,1
VFG044085,1
VFG044086,1
VFG044087,1
VFG044088,1
VFG044096,1
VFG044097,1
VFG044098,1
VFG049835,5
VFG049843,5
VFG050294,5
VFG050295,4
VFG050296,4
VFG050297,4
VFG050298,4
VFG050299,4
VFG050300,4
VFG051483,5
VFG051484,5
VFG051485,5
VFG051487,5
VFG051488,5
VFG039753,5
VFG039793,5
VFG039832,5
VFG039872,5
VFG039912,5
VFG039952,5
VFG039991,5
VFG040031,5
VFG040070,5
VFG040108,5
VFG040182,5
VFG040222,5
VFG040262,5
VFG040302,5
VFG040342,5
VFG040382,5
VFG040422,5
VFG040442,5
VFG040466,4
VFG040507,8
VFG040545,4
VFG040585,3
VFG040625,3
VFG040665,11
VFG040705,6
VFG040745,0
VFG040767,0
VFG040807,0
VFG040815,7
VFG040863,7
VFG000423,3
VFG000424,3
VFG000425,3
VFG000426,3
VFG000427,3
VFG000428,3
VFG000429,3
VFG000430,3
VFG000431,3
VFG000432,3
VFG000433,4
VFG000434,4
VFG000435,4
VFG000436,4
VFG000437,5
VFG000438,5
VFG000439,0
VFG000442,3
VFG000443,4
VFG000444,4
VFG000445,4
VFG000446,4
VFG000447,4
VFG000448,4
VFG000449,4
VFG000450,4
VFG000451,4
VFG000452,4
VFG000453,4
VFG000454,4
VFG000455,4
VFG000456,4
VFG000457,4
VFG000458,4
VFG000459,4
VFG000460,4
VFG000461,4
VFG000462,4
VFG000463,12
VFG000464,5
VFG000465,5
VFG000466,5
VFG000467,5
VFG000468,5
VFG000469,5
VFG000470,5
VFG000471,5
VFG000474,9
VFG000475,9
VFG000477,9
VFG000478,9
VFG000492,5
VFG000493,5
VFG000494,5
VFG000495,5
VFG000496,5
VFG000497,5
VFG000498,5
VFG000499,5
VFG000500,5
VFG000501,5
VFG000502,5
VFG000503,5
VFG000504,5
VFG000505,5
VFG000506,5
VFG000507,5
VFG000508,5
VFG000509,5
VFG000510,5
VFG000511,5
VFG000512,5
VFG000513,5
VFG000514,5
VFG000515,5
VFG000516,5
VFG000517,5
VFG000518,5
VFG000519,5
VFG000520,5
VFG000521,5
VFG000522,5
VFG000529,5
VFG000530,5
VFG000531,5
VFG000532,5
VFG000533,5
VFG000534,5
VFG000535,5
VFG000536,5
VFG000537,5
VFG000538,5
VFG000539,5
VFG000540,5
VFG000541,5
VFG000542,5
VFG000543,5
VFG000544,5
VFG000545,5
VFG000546,5
VFG000547,5
VFG000548,5
VFG000549,5
VFG000550,5
VFG000551,5
VFG000552,5
VFG000553,5
VFG000554,5
VFG000555,5
VFG000556,5
VFG000557,5
VFG000558,5
VFG000559,5
VFG000560,5
VFG000561,5
VFG000574,1
VFG000575,1
VFG000589,5
VFG002301,13
VFG002302,13
VFG002304,4
VFG002305,4
VFG002306,4
VFG002307,4
VFG003635,5
VFG003645,5
VFG003971,5
VFG003977,5
VFG003982,5
VFG003988,5
VFG003997,5
VFG004006,5
VFG004016,5
VFG004125,4
VFG020318,0
VFG020322,0
VFG020326,0
VFG041090,5
VFG041091,5
VFG041092,5
VFG041093,5
VFG041094,5
VFG041095,5
VFG041096,5
VFG041097,5
VFG041098,5
VFG041099,5
VFG041100,5
VFG041101,5
VFG041102,5
VFG041103,5
VFG041104,5
VFG041105,5
VFG041106,5
VFG041107,5
VFG041108,5
VFG041109,5
VFG041110,5
VFG041111,5
VFG041112,5
VFG041113,5
VFG041114,5
VFG042066,5
VFG042067,5
VFG042068,5
VFG042214,5
VFG042216,5
VFG050219,5
VFG052339,9
VFG052340,9
VFG000615,1
VFG000616,1
VFG000617,1
VFG000618,1
VFG000619,1
VFG000630,6
VFG000635,6
VFG000636,0
VFG000637,0
VFG000667,7
VFG000669,3
VFG000670,3
VFG000671,3
VFG000984,5
VFG000985,5
VFG000986,5
VFG000987,5
VFG000988,5
VFG000989,5
VFG000990,5
VFG000991,5
VFG000992,5
VFG000993,5
VFG000994,5
VFG000995,5
VFG000996,5
VFG000997,5
VFG000998,5
VFG000999,5
VFG001000,5
VFG001001,5
VFG001002,5
VFG001003,5
VFG001004,5
VFG001005,5
VFG001006,5
VFG001007,5
VFG001008,5
VFG001009,5
VFG001010,5
VFG001011,5
VFG001012,5
VFG001013,5
VFG001014,5
VFG001015,5
VFG001016,5
VFG001017,6
VFG001827,0
VFG001828,0
VFG001829,0
VFG002041,5
VFG002042,5
VFG002043,5
VFG002046,5
VFG002047,5
VFG002048,5
VFG002049,5
VFG002050,5
VFG002051,5
VFG002052,5
VFG002053,5
VFG002054,5
VFG002055,5
VFG012636,5
VFG012760,5
VFG012773,5
VFG012778,5
VFG012783,5
VFG012788,5
VFG012793,5
VFG012802,5
VFG012807,5
VFG012812,5
VFG012817,5
VFG012822,5
VFG012825,5
VFG012833,5
VFG012838,5
VFG012841,5
VFG012861,5
VFG012863,5
VFG012864,5
VFG012867,5
VFG013063,1
VFG013064,1
VFG013065,1
VFG013067,1
VFG013068,1
VFG013069,1
VFG013070,1
VFG041905,5
VFG042215,5
VFG042325,5
VFG049898,5
VFG049899,5
VFG049902,5
VFG049903,5
VFG049905,5
VFG049908,5
VFG049909,5
VFG049910,5
VFG049911,5
VFG049914,5
VFG049915,5
VFG049916,5
VFG049917,5
VFG001273,0
VFG001274,0
VFG001275,0
VFG001276,0
VFG001277,0
VFG001278,4
VFG001279,4
VFG001280,4
VFG001281,4
VFG001282,4
VFG001283,4
VFG001284,2
VFG001285,2
VFG001286,2
VFG001287,2
VFG001288,2
VFG001289,4
VFG001290,4
VFG001291,4
VFG001292,0
VFG001293,0
VFG001294,6
VFG001295,6
VFG001296,6
VFG001298,3
VFG001299,3
VFG001300,3
VFG001301,3
VFG001302,3
VFG001303,3
VFG001304,3
VFG001305,3
VFG001306,3
VFG001307,3
VFG001308,3
VFG001309,3
VFG001310,3
VFG001311,3
VFG001312,3
VFG001313,0
VFG001314,6
VFG001315,6
VFG001316,6
VFG001317,1
VFG001318,1
VFG001319,1
VFG001321,1
VFG001324,1
VFG001325,0
VFG001326,0
VFG001327,0
VFG001328,6
VFG001798,0
VFG001800,6
VFG001801,6
VFG001802,0
VFG001803,0
VFG001809,0
VFG002404,5
VFG002405,5
VFG002406,5
VFG002407,5
VFG002408,5
VFG002409,5
VFG002410,5
VFG002411,5
VFG002418,6
VFG002419,6
VFG002420,3
VFG002421,3
VFG002422,3
VFG004566,4
VFG004773,6
VFG004903,0
VFG004906,0
VFG004909,0
VFG004912,0
VFG004915,0
VFG004917,0
VFG004920,0
VFG004922,0
VFG004925,0
VFG004928,0
VFG004931,0
VFG004991,0
VFG005009,0
VFG044266,1
VFG044268,1
VFG044269,1
VFG044442,1
VFG044443,1
VFG049701,5
VFG049714,5
VFG049727,5
VFG049739,5
VFG049753,5
VFG049767,5
VFG049780,5
VFG049793,5
VFG049805,5
VFG049814,5
VFG049820,5
VFG049826,5
VFG049876,3
VFG000952,0
VFG000960,11
VFG000961,3
VFG000962,3
VFG000963,3
VFG000964,3
VFG000968,3
VFG000969,6
VFG000970,6
VFG000971,6
VFG000972,3
VFG000973,6
VFG000974,4
VFG000975,6
VFG000976,0
VFG000977,0
VFG000978,0
VFG000979,0
VFG000980,0
VFG000981,0
VFG000982,0
VFG001353,4
VFG001354,4
VFG001355,6
VFG001357,4
VFG001358,6
VFG001359,1
VFG001360,6
VFG001361,3
VFG001362,3
VFG001363,0
VFG001364,6
VFG001365,3
VFG001366,3
VFG001367,3
VFG001368,3
VFG001369,3
VFG001370,3
VFG001371,3
VFG001372,3
VFG001373,3
VFG001374,3
VFG001375,3
VFG001376,3
VFG001795,3
VFG001796,4
VFG001797,4
VFG005163,4
VFG005168,4
VFG005173,4
VFG005185,4
VFG005197,4
VFG005201,4
VFG005206,4
VFG005215,4
VFG005230,4
VFG005277,4
VFG005280,4
VFG005283,4
VFG005286,4
VFG005289,4
VFG005291,4
VFG005293,4
VFG005295,4
VFG005297,4
VFG005299,4
VFG005301,4
VFG005303,4
VFG005305,4
VFG005307,4
VFG005308,4
VFG005310,4
VFG005361,4
VFG005486,3
VFG005584,6
VFG005586,6
VFG005757,0
VFG005760,0
VFG005763,0
VFG005766,0
VFG005769,0
VFG005772,0
VFG005775,0
VFG005778,0
VFG005781,0
VFG005784,0
VFG005787,0
VFG005790,0
VFG005793,0
VFG005800,8
VFG005834,3
VFG005858,3
VFG005882,3
VFG005894,3
VFG005906,3
VFG005918,3
VFG005930,3
VFG005942,3
VFG005954,3
VFG005957,3
VFG005966,3
VFG005969,3
VFG005978,3
VFG005981,3
VFG005990,3
VFG006002,3
VFG006013,3
VFG006024,3
VFG006034,3
VFG042967,4
VFG042968,4
VFG042969,4
VFG042970,4
VFG042972,4
VFG042973,4
VFG042974,4
VFG043465,4
VFG043504,4
VFG000088,4
VFG000089,4
VFG000090,4
VFG000091,4
VFG000092,4
VFG000093,4
VFG000094,4
VFG000095,4
VFG000096,4
VFG000097,4
VFG000098,4
VFG000099,4
VFG000100,4
VFG000101,4
VFG000102,4
VFG000103,11
VFG000104,11
VFG000105,11
VFG000106,11
VFG000107,0
VFG000108,0
VFG000109,0
VFG000110,0
VFG000983,0
VFG001117,6
VFG002078,5
VFG002079,5
VFG002080,5
VFG002081,5
VFG002082,5
VFG002083,5
VFG002084,5
VFG002085,5
VFG002086,5
VFG002087,5
VFG002088,5
VFG002089,5
VFG002090,5
VFG002091,5
VFG002092,5
VFG002093,5
VFG002094,5
VFG006896,4
VFG006902,4
VFG006908,4
VFG006914,4
VFG006920,4
VFG006926,4
VFG006932,4
VFG006938,4
VFG006944,4
VFG006950,4
VFG006956,4
VFG006962,4
VFG006968,4
VFG006974,4
VFG006980,4
VFG006986,4
VFG006992,4
VFG006998,4
VFG007020,0
VFG007023,0
VFG007027,0
VFG007031,0
VFG007032,0
VFG007035,0
VFG007038,0
VFG007041,0
VFG007043,5
VFG007049,5
VFG007055,5
VFG007061,5
VFG007067,5
VFG007073,5
VFG007079,5
VFG007085,5
VFG007091,5
VFG007097,5
VFG007103,5
VFG007109,5
VFG007136,5
VFG007140,5
VFG007142,5
VFG007146,5
VFG007147,5
VFG007148,5
VFG007149,5
VFG007150,5
VFG007151,5
VFG007152,5
VFG007153,5
VFG007154,5
VFG007155,5
VFG007156,5
VFG007157,5
VFG007158,5
VFG007159,5
VFG007160,5
VFG007161,5
VFG007162,5
VFG007163,5
VFG007164,5
VFG007165,5
VFG007166,5
VFG007167,5
VFG007168,5
VFG007169,5
VFG007170,5
VFG007171,5
VFG007172,5
VFG007173,5
VFG007174,5
VFG007175,5
VFG007176,5
VFG007177,5
VFG007178,5
VFG007179,5
VFG007180,5
VFG007181,5
VFG007182,5
VFG007183,5
VFG007184,5
VFG007185,5
VFG007186,5
VFG007187,5
VFG007188,5
VFG007189,5
VFG007190,5
VFG007191,5
VFG007192,5
VFG007193,5
VFG007194,5
VFG007195,5
VFG007280,6
VFG007286,7
VFG007292,7
VFG007298,7
VFG007304,7
VFG007310,7
VFG007316,7
VFG007322,7
VFG007328,7
VFG007334,7
VFG007340,7
VFG007346,7
VFG007352,7
VFG007358,7
VFG007364,7
VFG007370,7
VFG007376,7
VFG007382,7
VFG007388,7
VFG007394,7
VFG007400,7
VFG007406,7
VFG007412,7
VFG007418,7
VFG007424,7
VFG007430,7
VFG007436,7
VFG007442,7
VFG007448,7
VFG007454,7
VFG007460,7
VFG007466,7
VFG007472,7
VFG007478,7
VFG007484,7
VFG007490,7
VFG007496,7
VFG007502,7
VFG007508,7
VFG007514,7
VFG007520,7
VFG007526,7
VFG007532,7
VFG007538,7
VFG007544,7
VFG007550,7
VFG007556,7
VFG007562,7
VFG007568,7
VFG007574,7
VFG007580,7
VFG007586,7
VFG007592,7
VFG007598,7
VFG007604,7
VFG007610,7
VFG007616,7
VFG018238,2
VFG018241,2
VFG018679,5
VFG018680,5
VFG018681,5
VFG018682,5
VFG040944,5
VFG040945,5
VFG041906,5
VFG041907,5
VFG041908,5
VFG041909,5
VFG041910,5
VFG041911,5
VFG041912,5
VFG043121,7
VFG043122,7
VFG043123,7
VFG043487,4
VFG043577,4
VFG043629,4
VFG043630,4
VFG043631,4
VFG043632,4
VFG043633,4
VFG043634,4
VFG043635,4
VFG043636,4
VFG043637,4
VFG043638,4
VFG043639,4
VFG043640,4
VFG043673,0
VFG044044,0
VFG044465,5
VFG044466,5
VFG044467,5
VFG044468,5
VFG044469,5
VFG044470,5
VFG045345,4
VFG045346,4
VFG049918,4
VFG050274,2
VFG050275,2
VFG050276,2
VFG050277,2
VFG050278,2
VFG050279,2
VFG050280,2
VFG050281,2
VFG050282,2
VFG050283,2
VFG050284,2
VFG050285,2
VFG050286,2
VFG050287,2
VFG052341,0
VFG052342,0
VFG000349,4
VFG000350,4
VFG000351,4
VFG000352,4
VFG000353,4
VFG000354,8
VFG000358,1
VFG000359,1
VFG000360,1
VFG000361,1
VFG000362,1
VFG000363,1
VFG000364,1
VFG000365,1
VFG000366,1
VFG000367,1
VFG000368,1
VFG000372,5
VFG000373,5
VFG000374,5
VFG000375,5
VFG000376,5
VFG000377,5
VFG000378,5
VFG000379,5
VFG000380,5
VFG000381,5
VFG000382,5
VFG000383,5
VFG000384,5
VFG000385,5
VFG000386,5
VFG000387,5
VFG000388,5
VFG000389,5
VFG000390,5
VFG000391,5
VFG000392,5
VFG000393,5
VFG000394,5
VFG000395,5
VFG000396,5
VFG000397,5
VFG000398,5
VFG000399,5
VFG000400,5
VFG000401,5
VFG000402,5
VFG000403,5
VFG000404,5
VFG000405,5
VFG000406,5
VFG000407,5
VFG000408,5
VFG000409,5
VFG000410,5
VFG000411,5
VFG000412,5
VFG000413,5
VFG000414,5
VFG000415,5
VFG000416,5
VFG000417,6
VFG000418,3
VFG000419,3
VFG000420,3
VFG000421,3
VFG000422,0
VFG002155,0
VFG002156,0
VFG002318,7
VFG002319,7
VFG002320,7
VFG002321,7
VFG002322,7
VFG002323,7
VFG002324,7
VFG002325,7
VFG002326,7
VFG002327,7
VFG002328,7
VFG002329,7
VFG002330,7
VFG002331,7
VFG002332,7
VFG002333,7
VFG002334,7
VFG002335,7
VFG002336,7
VFG002337,7
VFG002338,7
VFG002339,7
VFG002340,7
VFG002341,7
VFG002342,7
VFG002343,7
VFG002344,7
VFG002345,7
VFG002346,7
VFG002347,7
VFG002348,7
VFG002349,7
VFG002350,7
VFG002351,7
VFG002352,7
VFG002353,7
VFG002354,7
VFG002355,7
VFG002356,7
VFG002357,7
VFG002358,7
VFG002359,7
VFG002360,3
VFG002361,3
VFG002362,3
VFG002363,3
VFG002364,3
VFG002365,3
VFG002366,3
VFG002367,3
VFG002368,3
VFG002369,3
VFG002370,3
VFG002371,3
VFG002372,3
VFG002373,3
VFG002374,3
VFG002375,3
VFG002376,3
VFG002377,3
VFG003454,5
VFG003496,8
VFG003510,5
VFG003511,5
VFG003512,5
VFG003513,5
VFG003514,5
VFG003515,5
VFG003516,5
VFG003517,5
VFG003518,5
VFG003519,5
VFG003520,5
VFG003521,5
VFG003522,5
VFG003523,5
VFG003524,5
VFG003525,5
VFG003526,5
VFG003527,5
VFG003528,5
VFG003529,5
VFG003530,5
VFG003531,5
VFG003532,5
VFG003533,5
VFG003534,5
VFG003535,5
VFG003536,5
VFG003537,5
VFG003538,5
VFG003539,5
VFG003540,5
VFG003559,5
VFG003560,5
VFG003561,5
VFG003562,5
VFG003563,5
VFG003564,5
VFG003565,5
VFG003566,5
VFG003567,5
VFG003568,5
VFG003569,5
VFG003570,5
VFG003571,5
VFG003624,0
VFG013561,4
VFG013647,8
VFG013648,8
VFG013649,4
VFG013650,4
VFG013651,4
VFG013652,4
VFG013653,4
VFG013654,4
VFG013655,4
VFG013656,4
VFG013657,4
VFG013658,4
VFG013659,4
VFG013660,4
VFG013661,4
VFG013662,4
VFG013663,4
VFG017841,4
VFG017842,4
VFG017843,4
VFG017844,4
VFG017845,4
VFG017846,4
VFG017847,4
VFG017848,4
VFG017849,4
VFG017850,4
VFG017851,4
VFG017852,4
VFG017853,4
VFG017854,4
VFG017885,0
VFG019014,0
VFG041725,5
VFG041726,5
VFG041727,5
VFG041728,5
VFG041729,5
VFG041730,5
VFG041731,5
VFG041732,5
VFG042311,4
VFG042312,4
VFG043205,7
VFG043206,7
VFG043207,7
VFG043208,7
VFG043209,7
VFG043210,7
VFG043211,7
VFG043212,7
VFG043213,7
VFG045342,4
VFG045343,4
VFG045344,4
VFG045347,0
VFG045348,0
VFG048215,8
